station_id,location,temperature,rainfall,humidity,date_time
P001,Madhapur,34,3,44,2026-05-01 00:00
P002,Banjara Hills,35,2,70,2026-05-01 00:00
P003,Secunderabad,34,0,46,2026-05-01 00:00
P001,Madhapur,36,1,40,2026-05-01 01:00
P002,Banjara Hills,34,1,70,2026-05-01 01:00
P003,Secunderabad,30,1,45,2026-05-01 01:00
P001,Madhapur,30,0,70,2026-05-01 02:00
P002,Banjara Hills,37,1,53,2026-05-01 02:00
P003,Secunderabad,38,0,51,2026-05-01 02:00
P001,Madhapur,35,0,63,2026-05-01 03:00
P002,Banjara Hills,37,2,61,2026-05-01 03:00
P003,Secunderabad,38,0,64,2026-05-01 03:00
P001,Madhapur,37,3,67,2026-05-01 04:00
P002,Banjara Hills,35,3,50,2026-05-01 04:00
P003,Secunderabad,34,0,54,2026-05-01 04:00
P001,Madhapur,38,0,48,2026-05-01 05:00
P002,Banjara Hills,28,0,56,2026-05-01 05:00
P003,Secunderabad,31,1,40,2026-05-01 05:00
P001,Madhapur,30,0,50,2026-05-01 06:00
P002,Banjara Hills,29,0,54,2026-05-01 06:00
P003,Secunderabad,38,0,66,2026-05-01 06:00
P001,Madhapur,29,0,70,2026-05-01 07:00
P002,Banjara Hills,28,0,61,2026-05-01 07:00
P003,Secunderabad,36,2,55,2026-05-01 07:00
P001,Madhapur,30,3,51,2026-05-01 08:00
P002,Banjara Hills,37,2,41,2026-05-01 08:00
P003,Secunderabad,38,1,61,2026-05-01 08:00
P001,Madhapur,33,0,46,2026-05-01 09:00
P002,Banjara Hills,29,0,44,2026-05-01 09:00
P003,Secunderabad,34,0,55,2026-05-01 09:00
P001,Madhapur,33,3,62,2026-05-01 10:00
P002,Banjara Hills,34,1,40,2026-05-01 10:00
P003,Secunderabad,37,2,49,2026-05-01 10:00
P001,Madhapur,35,1,47,2026-05-01 11:00
P002,Banjara Hills,37,0,50,2026-05-01 11:00
P003,Secunderabad,32,0,60,2026-05-01 11:00
P001,Madhapur,38,0,62,2026-05-01 12:00
P002,Banjara Hills,38,3,63,2026-05-01 12:00
P003,Secunderabad,34,2,68,2026-05-01 12:00
P001,Madhapur,35,3,67,2026-05-01 13:00
P002,Banjara Hills,30,3,54,2026-05-01 13:00
P003,Secunderabad,33,0,47,2026-05-01 13:00
P001,Madhapur,33,3,60,2026-05-01 14:00
P002,Banjara Hills,38,0,54,2026-05-01 14:00
P003,Secunderabad,29,2,53,2026-05-01 14:00
P001,Madhapur,33,0,65,2026-05-01 15:00
P002,Banjara Hills,28,1,55,2026-05-01 15:00
P003,Secunderabad,28,1,48,2026-05-01 15:00
P001,Madhapur,34,3,68,2026-05-01 16:00
P002,Banjara Hills,31,3,50,2026-05-01 16:00
P003,Secunderabad,36,0,69,2026-05-01 16:00
P001,Madhapur,30,0,50,2026-05-01 17:00
P002,Banjara Hills,35,1,63,2026-05-01 17:00
P003,Secunderabad,30,3,55,2026-05-01 17:00
P001,Madhapur,29,0,43,2026-05-01 18:00
P002,Banjara Hills,29,0,65,2026-05-01 18:00
P003,Secunderabad,37,0,47,2026-05-01 18:00
P001,Madhapur,37,0,54,2026-05-01 19:00
P002,Banjara Hills,31,2,68,2026-05-01 19:00
P003,Secunderabad,38,2,56,2026-05-01 19:00
P001,Madhapur,31,1,66,2026-05-01 20:00
P002,Banjara Hills,32,0,43,2026-05-01 20:00
P003,Secunderabad,32,3,56,2026-05-01 20:00
P001,Madhapur,38,3,58,2026-05-01 21:00
P002,Banjara Hills,28,2,56,2026-05-01 21:00
P003,Secunderabad,30,0,46,2026-05-01 21:00
P001,Madhapur,30,0,61,2026-05-01 22:00
P002,Banjara Hills,30,0,62,2026-05-01 22:00
P003,Secunderabad,32,0,70,2026-05-01 22:00
P001,Madhapur,38,0,51,2026-05-01 23:00
P002,Banjara Hills,32,0,42,2026-05-01 23:00
P003,Secunderabad,38,1,49,2026-05-01 23:00
P001,Madhapur,34,3,67,2026-05-02 00:00
P002,Banjara Hills,33,2,63,2026-05-02 00:00
P003,Secunderabad,30,1,44,2026-05-02 00:00
P001,Madhapur,32,0,42,2026-05-02 01:00
P002,Banjara Hills,32,0,47,2026-05-02 01:00
P003,Secunderabad,37,0,41,2026-05-02 01:00
P001,Madhapur,38,3,43,2026-05-02 02:00
P002,Banjara Hills,36,2,60,2026-05-02 02:00
P003,Secunderabad,31,0,53,2026-05-02 02:00
P001,Madhapur,34,0,65,2026-05-02 03:00
P002,Banjara Hills,28,2,54,2026-05-02 03:00
P003,Secunderabad,33,1,70,2026-05-02 03:00
P001,Madhapur,33,2,64,2026-05-02 04:00
P002,Banjara Hills,35,0,40,2026-05-02 04:00
P003,Secunderabad,33,0,52,2026-05-02 04:00
P001,Madhapur,35,0,45,2026-05-02 05:00
P002,Banjara Hills,36,1,62,2026-05-02 05:00
P003,Secunderabad,28,0,45,2026-05-02 05:00
P001,Madhapur,28,2,53,2026-05-02 06:00
P002,Banjara Hills,28,0,51,2026-05-02 06:00
P003,Secunderabad,33,0,46,2026-05-02 06:00
P001,Madhapur,32,0,68,2026-05-02 07:00
P002,Banjara Hills,33,0,45,2026-05-02 07:00
P003,Secunderabad,30,0,54,2026-05-02 07:00
P001,Madhapur,34,0,51,2026-05-02 08:00
P002,Banjara Hills,32,0,60,2026-05-02 08:00
P003,Secunderabad,38,0,56,2026-05-02 08:00
P001,Madhapur,28,3,53,2026-05-02 09:00
P002,Banjara Hills,33,1,69,2026-05-02 09:00
P003,Secunderabad,30,2,61,2026-05-02 09:00
P001,Madhapur,36,2,60,2026-05-02 10:00
P002,Banjara Hills,32,0,57,2026-05-02 10:00
P003,Secunderabad,28,0,55,2026-05-02 10:00
P001,Madhapur,35,2,60,2026-05-02 11:00
P002,Banjara Hills,34,3,55,2026-05-02 11:00
P003,Secunderabad,32,2,57,2026-05-02 11:00
P001,Madhapur,37,0,58,2026-05-02 12:00
P002,Banjara Hills,31,0,41,2026-05-02 12:00
P003,Secunderabad,35,1,46,2026-05-02 12:00
P001,Madhapur,28,0,69,2026-05-02 13:00
P002,Banjara Hills,31,0,50,2026-05-02 13:00
P003,Secunderabad,30,0,54,2026-05-02 13:00
P001,Madhapur,28,0,57,2026-05-02 14:00
P002,Banjara Hills,29,0,44,2026-05-02 14:00
P003,Secunderabad,36,3,62,2026-05-02 14:00
P001,Madhapur,28,0,49,2026-05-02 15:00
P002,Banjara Hills,32,2,63,2026-05-02 15:00
P003,Secunderabad,38,2,63,2026-05-02 15:00
P001,Madhapur,30,1,67,2026-05-02 16:00
P002,Banjara Hills,36,2,42,2026-05-02 16:00
P003,Secunderabad,37,0,57,2026-05-02 16:00
P001,Madhapur,32,2,55,2026-05-02 17:00
P002,Banjara Hills,35,1,60,2026-05-02 17:00
P003,Secunderabad,38,0,61,2026-05-02 17:00
P001,Madhapur,33,1,54,2026-05-02 18:00
P002,Banjara Hills,35,0,68,2026-05-02 18:00
P003,Secunderabad,28,1,70,2026-05-02 18:00
P001,Madhapur,36,0,51,2026-05-02 19:00
P002,Banjara Hills,28,0,55,2026-05-02 19:00
P003,Secunderabad,29,0,44,2026-05-02 19:00
P001,Madhapur,31,0,64,2026-05-02 20:00
P002,Banjara Hills,38,1,51,2026-05-02 20:00
P003,Secunderabad,37,3,55,2026-05-02 20:00
P001,Madhapur,36,3,43,2026-05-02 21:00
P002,Banjara Hills,30,0,41,2026-05-02 21:00
P003,Secunderabad,35,0,70,2026-05-02 21:00
P001,Madhapur,28,2,50,2026-05-02 22:00
P002,Banjara Hills,38,3,45,2026-05-02 22:00
P003,Secunderabad,36,2,48,2026-05-02 22:00
P001,Madhapur,33,0,47,2026-05-02 23:00
P002,Banjara Hills,28,3,46,2026-05-02 23:00
P003,Secunderabad,32,0,51,2026-05-02 23:00
P001,Madhapur,37,0,55,2026-05-03 00:00
P002,Banjara Hills,37,2,47,2026-05-03 00:00
P003,Secunderabad,32,0,58,2026-05-03 00:00
P001,Madhapur,34,0,54,2026-05-03 01:00
P002,Banjara Hills,37,2,69,2026-05-03 01:00
P003,Secunderabad,33,3,69,2026-05-03 01:00
P001,Madhapur,30,3,69,2026-05-03 02:00
P002,Banjara Hills,32,1,52,2026-05-03 02:00
P003,Secunderabad,37,2,55,2026-05-03 02:00
P001,Madhapur,33,2,51,2026-05-03 03:00
P002,Banjara Hills,36,0,61,2026-05-03 03:00
P003,Secunderabad,29,1,47,2026-05-03 03:00
P001,Madhapur,34,0,41,2026-05-03 04:00
P002,Banjara Hills,36,1,52,2026-05-03 04:00
P003,Secunderabad,32,2,45,2026-05-03 04:00
P001,Madhapur,34,1,55,2026-05-03 05:00
P002,Banjara Hills,32,0,68,2026-05-03 05:00
P003,Secunderabad,28,1,62,2026-05-03 05:00
P001,Madhapur,30,0,62,2026-05-03 06:00
P002,Banjara Hills,38,0,56,2026-05-03 06:00
P003,Secunderabad,29,0,42,2026-05-03 06:00
P001,Madhapur,37,0,43,2026-05-03 07:00
P002,Banjara Hills,36,0,62,2026-05-03 07:00
P003,Secunderabad,35,2,66,2026-05-03 07:00
P001,Madhapur,31,0,66,2026-05-03 08:00
P002,Banjara Hills,29,0,62,2026-05-03 08:00
P003,Secunderabad,33,0,65,2026-05-03 08:00
P001,Madhapur,31,2,70,2026-05-03 09:00
P002,Banjara Hills,37,0,50,2026-05-03 09:00
P003,Secunderabad,38,1,41,2026-05-03 09:00
P001,Madhapur,38,0,40,2026-05-03 10:00
P002,Banjara Hills,36,2,70,2026-05-03 10:00
P003,Secunderabad,34,0,49,2026-05-03 10:00
P001,Madhapur,33,0,40,2026-05-03 11:00
P002,Banjara Hills,31,3,58,2026-05-03 11:00
P003,Secunderabad,32,3,67,2026-05-03 11:00
P001,Madhapur,29,1,59,2026-05-03 12:00
P002,Banjara Hills,31,0,42,2026-05-03 12:00
P003,Secunderabad,38,3,43,2026-05-03 12:00
P001,Madhapur,31,0,45,2026-05-03 13:00
P002,Banjara Hills,31,3,64,2026-05-03 13:00
P003,Secunderabad,33,1,59,2026-05-03 13:00
P001,Madhapur,38,2,43,2026-05-03 14:00
P002,Banjara Hills,32,3,44,2026-05-03 14:00
P003,Secunderabad,31,0,56,2026-05-03 14:00
P001,Madhapur,29,0,49,2026-05-03 15:00
P002,Banjara Hills,33,2,44,2026-05-03 15:00
P003,Secunderabad,32,3,52,2026-05-03 15:00
P001,Madhapur,30,3,55,2026-05-03 16:00
P002,Banjara Hills,30,0,68,2026-05-03 16:00
P003,Secunderabad,29,2,58,2026-05-03 16:00
P001,Madhapur,29,1,70,2026-05-03 17:00
P002,Banjara Hills,38,0,49,2026-05-03 17:00
P003,Secunderabad,33,0,54,2026-05-03 17:00
P001,Madhapur,28,0,42,2026-05-03 18:00
P002,Banjara Hills,35,2,51,2026-05-03 18:00
P003,Secunderabad,31,1,43,2026-05-03 18:00
P001,Madhapur,38,0,51,2026-05-03 19:00
P002,Banjara Hills,28,2,67,2026-05-03 19:00
P003,Secunderabad,32,0,48,2026-05-03 19:00
P001,Madhapur,32,0,50,2026-05-03 20:00
P002,Banjara Hills,35,3,54,2026-05-03 20:00
P003,Secunderabad,34,3,49,2026-05-03 20:00
P001,Madhapur,31,0,40,2026-05-03 21:00
P002,Banjara Hills,29,3,55,2026-05-03 21:00
P003,Secunderabad,28,3,64,2026-05-03 21:00
P001,Madhapur,29,3,68,2026-05-03 22:00
P002,Banjara Hills,34,0,67,2026-05-03 22:00
P003,Secunderabad,37,2,62,2026-05-03 22:00
P001,Madhapur,29,0,42,2026-05-03 23:00
P002,Banjara Hills,28,0,69,2026-05-03 23:00
P003,Secunderabad,37,2,55,2026-05-03 23:00
P001,Madhapur,36,0,52,2026-05-04 00:00
P002,Banjara Hills,35,3,43,2026-05-04 00:00
P003,Secunderabad,36,2,50,2026-05-04 00:00
P001,Madhapur,31,0,67,2026-05-04 01:00
P002,Banjara Hills,29,1,55,2026-05-04 01:00
P003,Secunderabad,36,0,61,2026-05-04 01:00
P001,Madhapur,28,0,54,2026-05-04 02:00
P002,Banjara Hills,38,3,56,2026-05-04 02:00
P003,Secunderabad,35,0,55,2026-05-04 02:00
P001,Madhapur,34,3,63,2026-05-04 03:00
P002,Banjara Hills,34,2,45,2026-05-04 03:00
P003,Secunderabad,34,1,53,2026-05-04 03:00
P001,Madhapur,36,0,55,2026-05-04 04:00
P002,Banjara Hills,29,1,65,2026-05-04 04:00
P003,Secunderabad,28,0,63,2026-05-04 04:00
P001,Madhapur,37,3,70,2026-05-04 05:00
P002,Banjara Hills,36,1,46,2026-05-04 05:00
P003,Secunderabad,35,0,51,2026-05-04 05:00
P001,Madhapur,36,1,65,2026-05-04 06:00
P002,Banjara Hills,35,1,58,2026-05-04 06:00
P003,Secunderabad,37,2,64,2026-05-04 06:00
P001,Madhapur,33,3,64,2026-05-04 07:00
P002,Banjara Hills,33,3,65,2026-05-04 07:00
P003,Secunderabad,33,3,64,2026-05-04 07:00
P001,Madhapur,28,0,52,2026-05-04 08:00
P002,Banjara Hills,32,2,45,2026-05-04 08:00
P003,Secunderabad,32,0,52,2026-05-04 08:00
P001,Madhapur,36,0,64,2026-05-04 09:00
P002,Banjara Hills,30,0,65,2026-05-04 09:00
P003,Secunderabad,35,0,68,2026-05-04 09:00
P001,Madhapur,28,0,68,2026-05-04 10:00
P002,Banjara Hills,29,3,59,2026-05-04 10:00
P003,Secunderabad,38,0,70,2026-05-04 10:00
P001,Madhapur,36,3,41,2026-05-04 11:00
P002,Banjara Hills,32,0,56,2026-05-04 11:00
P003,Secunderabad,36,0,69,2026-05-04 11:00
P001,Madhapur,32,1,54,2026-05-04 12:00
P002,Banjara Hills,33,0,55,2026-05-04 12:00
P003,Secunderabad,30,0,45,2026-05-04 12:00
P001,Madhapur,36,0,67,2026-05-04 13:00
P002,Banjara Hills,31,3,45,2026-05-04 13:00
P003,Secunderabad,30,0,60,2026-05-04 13:00
P001,Madhapur,28,0,45,2026-05-04 14:00
P002,Banjara Hills,31,0,63,2026-05-04 14:00
P003,Secunderabad,33,1,60,2026-05-04 14:00
P001,Madhapur,35,1,70,2026-05-04 15:00
P002,Banjara Hills,37,0,64,2026-05-04 15:00
P003,Secunderabad,34,1,50,2026-05-04 15:00
P001,Madhapur,33,2,48,2026-05-04 16:00
P002,Banjara Hills,29,2,47,2026-05-04 16:00
P003,Secunderabad,30,0,64,2026-05-04 16:00
P001,Madhapur,37,1,64,2026-05-04 17:00
P002,Banjara Hills,38,0,65,2026-05-04 17:00
P003,Secunderabad,36,1,57,2026-05-04 17:00
P001,Madhapur,35,1,46,2026-05-04 18:00
P002,Banjara Hills,37,3,43,2026-05-04 18:00
P003,Secunderabad,32,2,48,2026-05-04 18:00
P001,Madhapur,36,2,66,2026-05-04 19:00
P002,Banjara Hills,29,0,66,2026-05-04 19:00
P003,Secunderabad,30,0,51,2026-05-04 19:00
P001,Madhapur,29,0,57,2026-05-04 20:00
P002,Banjara Hills,30,0,69,2026-05-04 20:00
P003,Secunderabad,37,0,42,2026-05-04 20:00
P001,Madhapur,35,1,44,2026-05-04 21:00
P002,Banjara Hills,34,0,68,2026-05-04 21:00
P003,Secunderabad,37,0,50,2026-05-04 21:00
P001,Madhapur,36,0,61,2026-05-04 22:00
P002,Banjara Hills,34,2,58,2026-05-04 22:00
P003,Secunderabad,29,0,47,2026-05-04 22:00
P001,Madhapur,37,1,40,2026-05-04 23:00
P002,Banjara Hills,36,0,53,2026-05-04 23:00
P003,Secunderabad,31,1,47,2026-05-04 23:00
P001,Madhapur,28,0,63,2026-05-05 00:00
P002,Banjara Hills,34,2,62,2026-05-05 00:00
P003,Secunderabad,31,1,45,2026-05-05 00:00
P001,Madhapur,36,0,53,2026-05-05 01:00
P002,Banjara Hills,35,0,48,2026-05-05 01:00
P003,Secunderabad,35,1,56,2026-05-05 01:00
P001,Madhapur,31,1,64,2026-05-05 02:00
P002,Banjara Hills,28,2,70,2026-05-05 02:00
P003,Secunderabad,29,0,48,2026-05-05 02:00
P001,Madhapur,32,3,61,2026-05-05 03:00
P002,Banjara Hills,38,0,53,2026-05-05 03:00
P003,Secunderabad,35,0,59,2026-05-05 03:00
P001,Madhapur,35,0,41,2026-05-05 04:00
P002,Banjara Hills,34,0,54,2026-05-05 04:00
P003,Secunderabad,38,0,45,2026-05-05 04:00
P001,Madhapur,32,3,48,2026-05-05 05:00
P002,Banjara Hills,30,1,56,2026-05-05 05:00
P003,Secunderabad,36,1,67,2026-05-05 05:00
P001,Madhapur,33,3,52,2026-05-05 06:00
P002,Banjara Hills,31,0,67,2026-05-05 06:00
P003,Secunderabad,29,0,40,2026-05-05 06:00
P001,Madhapur,38,0,53,2026-05-05 07:00
P002,Banjara Hills,29,0,60,2026-05-05 07:00
P003,Secunderabad,34,1,41,2026-05-05 07:00
P001,Madhapur,38,1,68,2026-05-05 08:00
P002,Banjara Hills,28,3,70,2026-05-05 08:00
P003,Secunderabad,28,0,64,2026-05-05 08:00
P001,Madhapur,33,1,45,2026-05-05 09:00
P002,Banjara Hills,36,0,69,2026-05-05 09:00
P003,Secunderabad,31,1,64,2026-05-05 09:00
P001,Madhapur,30,0,63,2026-05-05 10:00
P002,Banjara Hills,28,0,62,2026-05-05 10:00
P003,Secunderabad,35,1,46,2026-05-05 10:00
P001,Madhapur,35,2,61,2026-05-05 11:00
P002,Banjara Hills,37,0,51,2026-05-05 11:00
P003,Secunderabad,32,1,63,2026-05-05 11:00
P001,Madhapur,32,0,55,2026-05-05 12:00
P002,Banjara Hills,34,2,62,2026-05-05 12:00
P003,Secunderabad,32,0,52,2026-05-05 12:00
P001,Madhapur,31,1,45,2026-05-05 13:00
P002,Banjara Hills,29,2,41,2026-05-05 13:00
P003,Secunderabad,35,0,46,2026-05-05 13:00
P001,Madhapur,31,1,51,2026-05-05 14:00
P002,Banjara Hills,35,0,44,2026-05-05 14:00
P003,Secunderabad,32,0,53,2026-05-05 14:00
P001,Madhapur,31,3,54,2026-05-05 15:00
P002,Banjara Hills,31,0,49,2026-05-05 15:00
P003,Secunderabad,36,2,56,2026-05-05 15:00
P001,Madhapur,29,2,50,2026-05-05 16:00
P002,Banjara Hills,37,0,57,2026-05-05 16:00
P003,Secunderabad,31,2,60,2026-05-05 16:00
P001,Madhapur,29,0,50,2026-05-05 17:00
P002,Banjara Hills,28,3,70,2026-05-05 17:00
P003,Secunderabad,33,0,42,2026-05-05 17:00
P001,Madhapur,35,0,66,2026-05-05 18:00
P002,Banjara Hills,29,3,70,2026-05-05 18:00
P003,Secunderabad,29,1,54,2026-05-05 18:00
P001,Madhapur,31,0,64,2026-05-05 19:00
P002,Banjara Hills,32,2,66,2026-05-05 19:00
P003,Secunderabad,30,0,48,2026-05-05 19:00
P001,Madhapur,38,1,55,2026-05-05 20:00
P002,Banjara Hills,37,0,45,2026-05-05 20:00
P003,Secunderabad,38,0,52,2026-05-05 20:00
P001,Madhapur,38,0,59,2026-05-05 21:00
P002,Banjara Hills,36,3,59,2026-05-05 21:00
P003,Secunderabad,33,1,41,2026-05-05 21:00
P001,Madhapur,31,3,61,2026-05-05 22:00
P002,Banjara Hills,34,1,47,2026-05-05 22:00
P003,Secunderabad,29,0,54,2026-05-05 22:00
P001,Madhapur,30,1,46,2026-05-05 23:00
P002,Banjara Hills,28,2,60,2026-05-05 23:00
P003,Secunderabad,34,0,69,2026-05-05 23:00
P001,Madhapur,36,2,56,2026-05-06 00:00
P002,Banjara Hills,32,1,40,2026-05-06 00:00
P003,Secunderabad,36,0,43,2026-05-06 00:00
P001,Madhapur,38,0,63,2026-05-06 01:00
P002,Banjara Hills,36,0,62,2026-05-06 01:00
P003,Secunderabad,31,0,58,2026-05-06 01:00
P001,Madhapur,38,2,59,2026-05-06 02:00
P002,Banjara Hills,36,1,49,2026-05-06 02:00
P003,Secunderabad,32,0,67,2026-05-06 02:00
P001,Madhapur,38,2,68,2026-05-06 03:00
P002,Banjara Hills,32,0,65,2026-05-06 03:00
P003,Secunderabad,28,2,65,2026-05-06 03:00
P001,Madhapur,34,0,47,2026-05-06 04:00
P002,Banjara Hills,31,0,52,2026-05-06 04:00
P003,Secunderabad,38,1,45,2026-05-06 04:00
P001,Madhapur,37,0,51,2026-05-06 05:00
P002,Banjara Hills,28,0,60,2026-05-06 05:00
P003,Secunderabad,30,3,60,2026-05-06 05:00
P001,Madhapur,29,1,64,2026-05-06 06:00
P002,Banjara Hills,28,0,54,2026-05-06 06:00
P003,Secunderabad,34,0,43,2026-05-06 06:00
P001,Madhapur,33,0,40,2026-05-06 07:00
P002,Banjara Hills,31,1,44,2026-05-06 07:00
P003,Secunderabad,38,0,60,2026-05-06 07:00
P001,Madhapur,30,0,68,2026-05-06 08:00
P002,Banjara Hills,31,2,50,2026-05-06 08:00
P003,Secunderabad,29,0,68,2026-05-06 08:00
P001,Madhapur,37,1,64,2026-05-06 09:00
P002,Banjara Hills,35,0,53,2026-05-06 09:00
P003,Secunderabad,38,0,43,2026-05-06 09:00
P001,Madhapur,32,0,59,2026-05-06 10:00
P002,Banjara Hills,36,0,57,2026-05-06 10:00
P003,Secunderabad,31,3,48,2026-05-06 10:00
P001,Madhapur,32,0,62,2026-05-06 11:00
P002,Banjara Hills,35,0,63,2026-05-06 11:00
P003,Secunderabad,37,1,70,2026-05-06 11:00
P001,Madhapur,35,0,54,2026-05-06 12:00
P002,Banjara Hills,30,3,43,2026-05-06 12:00
P003,Secunderabad,35,0,54,2026-05-06 12:00
P001,Madhapur,31,1,51,2026-05-06 13:00
P002,Banjara Hills,34,0,45,2026-05-06 13:00
P003,Secunderabad,29,1,55,2026-05-06 13:00
P001,Madhapur,38,3,56,2026-05-06 14:00
P002,Banjara Hills,38,3,40,2026-05-06 14:00
P003,Secunderabad,36,0,43,2026-05-06 14:00
P001,Madhapur,32,3,69,2026-05-06 15:00
P002,Banjara Hills,35,0,44,2026-05-06 15:00
P003,Secunderabad,34,3,57,2026-05-06 15:00
P001,Madhapur,28,0,45,2026-05-06 16:00
P002,Banjara Hills,31,1,40,2026-05-06 16:00
P003,Secunderabad,33,3,46,2026-05-06 16:00
P001,Madhapur,35,0,58,2026-05-06 17:00
P002,Banjara Hills,32,2,66,2026-05-06 17:00
P003,Secunderabad,35,3,63,2026-05-06 17:00
P001,Madhapur,36,3,43,2026-05-06 18:00
P002,Banjara Hills,34,0,59,2026-05-06 18:00
P003,Secunderabad,28,0,70,2026-05-06 18:00
P001,Madhapur,36,0,57,2026-05-06 19:00
P002,Banjara Hills,28,0,52,2026-05-06 19:00
P003,Secunderabad,37,3,62,2026-05-06 19:00
P001,Madhapur,37,2,48,2026-05-06 20:00
P002,Banjara Hills,28,2,43,2026-05-06 20:00
P003,Secunderabad,36,0,68,2026-05-06 20:00
P001,Madhapur,31,0,61,2026-05-06 21:00
P002,Banjara Hills,30,1,40,2026-05-06 21:00
P003,Secunderabad,31,0,63,2026-05-06 21:00
P001,Madhapur,37,0,54,2026-05-06 22:00
P002,Banjara Hills,37,0,62,2026-05-06 22:00
P003,Secunderabad,34,2,68,2026-05-06 22:00
P001,Madhapur,37,0,54,2026-05-06 23:00
P002,Banjara Hills,33,0,64,2026-05-06 23:00
P003,Secunderabad,30,0,67,2026-05-06 23:00
P001,Madhapur,29,2,57,2026-05-07 00:00
P002,Banjara Hills,32,0,55,2026-05-07 00:00
P003,Secunderabad,38,0,62,2026-05-07 00:00
P001,Madhapur,29,3,59,2026-05-07 01:00
P002,Banjara Hills,31,0,70,2026-05-07 01:00
P003,Secunderabad,35,2,49,2026-05-07 01:00
P001,Madhapur,38,2,56,2026-05-07 02:00
P002,Banjara Hills,38,0,43,2026-05-07 02:00
P003,Secunderabad,38,1,68,2026-05-07 02:00
P001,Madhapur,33,3,56,2026-05-07 03:00
P002,Banjara Hills,36,2,55,2026-05-07 03:00
P003,Secunderabad,33,0,45,2026-05-07 03:00
P001,Madhapur,28,1,53,2026-05-07 04:00
P002,Banjara Hills,35,2,59,2026-05-07 04:00
P003,Secunderabad,31,3,64,2026-05-07 04:00
P001,Madhapur,37,1,66,2026-05-07 05:00
P002,Banjara Hills,31,0,48,2026-05-07 05:00
P003,Secunderabad,32,2,66,2026-05-07 05:00
P001,Madhapur,33,2,58,2026-05-07 06:00
P002,Banjara Hills,33,2,67,2026-05-07 06:00
P003,Secunderabad,32,0,57,2026-05-07 06:00
P001,Madhapur,37,3,56,2026-05-07 07:00
P002,Banjara Hills,34,3,44,2026-05-07 07:00
P003,Secunderabad,34,2,44,2026-05-07 07:00
P001,Madhapur,32,2,51,2026-05-07 08:00
P002,Banjara Hills,28,1,48,2026-05-07 08:00
P003,Secunderabad,37,3,54,2026-05-07 08:00
P001,Madhapur,29,3,58,2026-05-07 09:00
P002,Banjara Hills,31,0,57,2026-05-07 09:00
P003,Secunderabad,34,0,68,2026-05-07 09:00
P001,Madhapur,29,0,56,2026-05-07 10:00
P002,Banjara Hills,34,1,63,2026-05-07 10:00
P003,Secunderabad,34,2,53,2026-05-07 10:00
P001,Madhapur,36,0,61,2026-05-07 11:00
P002,Banjara Hills,36,2,65,2026-05-07 11:00
P003,Secunderabad,31,1,54,2026-05-07 11:00
P001,Madhapur,31,3,45,2026-05-07 12:00
P002,Banjara Hills,29,1,50,2026-05-07 12:00
P003,Secunderabad,36,0,53,2026-05-07 12:00
P001,Madhapur,36,1,55,2026-05-07 13:00
P002,Banjara Hills,28,0,64,2026-05-07 13:00
P003,Secunderabad,35,2,51,2026-05-07 13:00
P001,Madhapur,29,0,46,2026-05-07 14:00
P002,Banjara Hills,34,1,69,2026-05-07 14:00
P003,Secunderabad,33,1,59,2026-05-07 14:00
P001,Madhapur,32,2,48,2026-05-07 15:00
P002,Banjara Hills,28,0,62,2026-05-07 15:00
P003,Secunderabad,34,1,46,2026-05-07 15:00
P001,Madhapur,38,0,49,2026-05-07 16:00
P002,Banjara Hills,32,0,63,2026-05-07 16:00
P003,Secunderabad,33,3,62,2026-05-07 16:00
P001,Madhapur,36,3,41,2026-05-07 17:00
P002,Banjara Hills,34,0,66,2026-05-07 17:00
P003,Secunderabad,30,3,62,2026-05-07 17:00
P001,Madhapur,37,0,44,2026-05-07 18:00
P002,Banjara Hills,32,3,51,2026-05-07 18:00
P003,Secunderabad,32,0,54,2026-05-07 18:00
P001,Madhapur,28,1,66,2026-05-07 19:00
P002,Banjara Hills,32,3,41,2026-05-07 19:00
P003,Secunderabad,28,2,48,2026-05-07 19:00
P001,Madhapur,34,0,45,2026-05-07 20:00
P002,Banjara Hills,30,0,56,2026-05-07 20:00
P003,Secunderabad,37,2,41,2026-05-07 20:00
P001,Madhapur,28,2,46,2026-05-07 21:00
P002,Banjara Hills,38,1,65,2026-05-07 21:00
P003,Secunderabad,38,0,41,2026-05-07 21:00
P001,Madhapur,32,1,48,2026-05-07 22:00
P002,Banjara Hills,33,0,68,2026-05-07 22:00
P003,Secunderabad,31,2,45,2026-05-07 22:00
P001,Madhapur,33,0,48,2026-05-07 23:00
P002,Banjara Hills,29,0,67,2026-05-07 23:00
P003,Secunderabad,38,0,47,2026-05-07 23:00
P001,Madhapur,32,1,67,2026-05-08 00:00
P002,Banjara Hills,33,1,65,2026-05-08 00:00
P003,Secunderabad,30,0,46,2026-05-08 00:00
P001,Madhapur,38,0,54,2026-05-08 01:00
P002,Banjara Hills,28,3,49,2026-05-08 01:00
P003,Secunderabad,37,0,43,2026-05-08 01:00
P001,Madhapur,32,0,65,2026-05-08 02:00
P002,Banjara Hills,30,1,61,2026-05-08 02:00
P003,Secunderabad,28,1,43,2026-05-08 02:00
P001,Madhapur,32,0,64,2026-05-08 03:00
P002,Banjara Hills,31,1,56,2026-05-08 03:00
P003,Secunderabad,33,0,70,2026-05-08 03:00
P001,Madhapur,33,0,55,2026-05-08 04:00
P002,Banjara Hills,38,0,48,2026-05-08 04:00
P003,Secunderabad,38,0,54,2026-05-08 04:00
P001,Madhapur,36,0,69,2026-05-08 05:00
P002,Banjara Hills,38,2,54,2026-05-08 05:00
P003,Secunderabad,29,3,40,2026-05-08 05:00
P001,Madhapur,35,0,68,2026-05-08 06:00
P002,Banjara Hills,32,0,42,2026-05-08 06:00
P003,Secunderabad,38,1,61,2026-05-08 06:00
P001,Madhapur,29,0,57,2026-05-08 07:00
P002,Banjara Hills,37,0,52,2026-05-08 07:00
P003,Secunderabad,38,0,57,2026-05-08 07:00
P001,Madhapur,31,0,66,2026-05-08 08:00
P002,Banjara Hills,32,2,45,2026-05-08 08:00
P003,Secunderabad,30,2,67,2026-05-08 08:00
P001,Madhapur,33,2,44,2026-05-08 09:00
P002,Banjara Hills,30,0,68,2026-05-08 09:00
P003,Secunderabad,31,0,43,2026-05-08 09:00
P001,Madhapur,29,0,53,2026-05-08 10:00
P002,Banjara Hills,37,1,57,2026-05-08 10:00
P003,Secunderabad,30,3,53,2026-05-08 10:00
P001,Madhapur,36,0,50,2026-05-08 11:00
P002,Banjara Hills,28,3,62,2026-05-08 11:00
P003,Secunderabad,37,0,41,2026-05-08 11:00
P001,Madhapur,29,2,44,2026-05-08 12:00
P002,Banjara Hills,30,1,64,2026-05-08 12:00
P003,Secunderabad,30,1,60,2026-05-08 12:00
P001,Madhapur,29,0,50,2026-05-08 13:00
P002,Banjara Hills,35,1,51,2026-05-08 13:00
P003,Secunderabad,38,0,55,2026-05-08 13:00
P001,Madhapur,38,0,46,2026-05-08 14:00
P002,Banjara Hills,33,2,56,2026-05-08 14:00
P003,Secunderabad,30,3,60,2026-05-08 14:00
P001,Madhapur,35,2,50,2026-05-08 15:00
P002,Banjara Hills,29,1,49,2026-05-08 15:00
P003,Secunderabad,32,0,64,2026-05-08 15:00
P001,Madhapur,32,0,66,2026-05-08 16:00
P002,Banjara Hills,29,0,50,2026-05-08 16:00
P003,Secunderabad,38,3,58,2026-05-08 16:00
P001,Madhapur,37,0,58,2026-05-08 17:00
P002,Banjara Hills,32,0,62,2026-05-08 17:00
P003,Secunderabad,38,2,53,2026-05-08 17:00
P001,Madhapur,35,1,56,2026-05-08 18:00
P002,Banjara Hills,28,2,41,2026-05-08 18:00
P003,Secunderabad,38,2,43,2026-05-08 18:00
P001,Madhapur,33,1,65,2026-05-08 19:00
P002,Banjara Hills,35,3,50,2026-05-08 19:00
P003,Secunderabad,38,1,62,2026-05-08 19:00
P001,Madhapur,36,3,64,2026-05-08 20:00
P002,Banjara Hills,32,0,64,2026-05-08 20:00
P003,Secunderabad,33,0,63,2026-05-08 20:00
P001,Madhapur,30,2,68,2026-05-08 21:00
P002,Banjara Hills,38,0,67,2026-05-08 21:00
P003,Secunderabad,31,3,44,2026-05-08 21:00
P001,Madhapur,34,3,60,2026-05-08 22:00
P002,Banjara Hills,38,1,40,2026-05-08 22:00
P003,Secunderabad,29,3,41,2026-05-08 22:00
P001,Madhapur,34,3,59,2026-05-08 23:00
P002,Banjara Hills,28,3,52,2026-05-08 23:00
P003,Secunderabad,28,3,44,2026-05-08 23:00
P001,Madhapur,38,2,69,2026-05-09 00:00
P002,Banjara Hills,28,0,42,2026-05-09 00:00
P003,Secunderabad,32,2,69,2026-05-09 00:00
P001,Madhapur,31,0,49,2026-05-09 01:00
P002,Banjara Hills,36,1,49,2026-05-09 01:00
P003,Secunderabad,34,3,56,2026-05-09 01:00
P001,Madhapur,38,0,64,2026-05-09 02:00
P002,Banjara Hills,29,0,60,2026-05-09 02:00
P003,Secunderabad,37,3,59,2026-05-09 02:00
P001,Madhapur,32,0,46,2026-05-09 03:00
P002,Banjara Hills,29,0,45,2026-05-09 03:00
P003,Secunderabad,31,0,52,2026-05-09 03:00
P001,Madhapur,30,1,69,2026-05-09 04:00
P002,Banjara Hills,36,0,64,2026-05-09 04:00
P003,Secunderabad,36,0,61,2026-05-09 04:00
P001,Madhapur,37,1,50,2026-05-09 05:00
P002,Banjara Hills,29,1,68,2026-05-09 05:00
P003,Secunderabad,32,0,42,2026-05-09 05:00
P001,Madhapur,30,0,56,2026-05-09 06:00
P002,Banjara Hills,35,2,62,2026-05-09 06:00
P003,Secunderabad,37,1,65,2026-05-09 06:00
P001,Madhapur,32,1,60,2026-05-09 07:00
P002,Banjara Hills,33,0,52,2026-05-09 07:00
P003,Secunderabad,28,0,65,2026-05-09 07:00
P001,Madhapur,35,0,45,2026-05-09 08:00
P002,Banjara Hills,36,0,56,2026-05-09 08:00
P003,Secunderabad,30,0,63,2026-05-09 08:00
P001,Madhapur,33,0,58,2026-05-09 09:00
P002,Banjara Hills,35,1,63,2026-05-09 09:00
P003,Secunderabad,30,2,68,2026-05-09 09:00
P001,Madhapur,28,0,46,2026-05-09 10:00
P002,Banjara Hills,37,0,49,2026-05-09 10:00
P003,Secunderabad,37,2,41,2026-05-09 10:00
P001,Madhapur,36,1,64,2026-05-09 11:00
P002,Banjara Hills,32,0,58,2026-05-09 11:00
P003,Secunderabad,34,0,45,2026-05-09 11:00
P001,Madhapur,35,1,62,2026-05-09 12:00
P002,Banjara Hills,34,0,50,2026-05-09 12:00
P003,Secunderabad,31,1,61,2026-05-09 12:00
P001,Madhapur,32,1,42,2026-05-09 13:00
P002,Banjara Hills,36,0,40,2026-05-09 13:00
P003,Secunderabad,33,3,51,2026-05-09 13:00
P001,Madhapur,31,0,59,2026-05-09 14:00
P002,Banjara Hills,37,3,55,2026-05-09 14:00
P003,Secunderabad,33,0,41,2026-05-09 14:00
P001,Madhapur,29,2,62,2026-05-09 15:00
P002,Banjara Hills,36,0,52,2026-05-09 15:00
P003,Secunderabad,34,0,42,2026-05-09 15:00
P001,Madhapur,37,3,57,2026-05-09 16:00
P002,Banjara Hills,36,0,56,2026-05-09 16:00
P003,Secunderabad,38,0,65,2026-05-09 16:00
P001,Madhapur,37,1,54,2026-05-09 17:00
P002,Banjara Hills,36,0,47,2026-05-09 17:00
P003,Secunderabad,31,2,54,2026-05-09 17:00
P001,Madhapur,33,1,61,2026-05-09 18:00
P002,Banjara Hills,34,3,64,2026-05-09 18:00
P003,Secunderabad,35,0,45,2026-05-09 18:00
P001,Madhapur,29,0,61,2026-05-09 19:00
P002,Banjara Hills,31,1,59,2026-05-09 19:00
P003,Secunderabad,32,0,50,2026-05-09 19:00
P001,Madhapur,32,1,57,2026-05-09 20:00
P002,Banjara Hills,35,0,44,2026-05-09 20:00
P003,Secunderabad,33,1,50,2026-05-09 20:00
P001,Madhapur,29,1,42,2026-05-09 21:00
P002,Banjara Hills,31,1,50,2026-05-09 21:00
P003,Secunderabad,32,0,68,2026-05-09 21:00
P001,Madhapur,30,3,48,2026-05-09 22:00
P002,Banjara Hills,29,1,67,2026-05-09 22:00
P003,Secunderabad,30,3,40,2026-05-09 22:00
P001,Madhapur,36,0,64,2026-05-09 23:00
P002,Banjara Hills,33,3,66,2026-05-09 23:00
P003,Secunderabad,37,3,67,2026-05-09 23:00
P001,Madhapur,34,0,62,2026-05-10 00:00
P002,Banjara Hills,34,1,58,2026-05-10 00:00
P003,Secunderabad,34,2,66,2026-05-10 00:00
P001,Madhapur,36,0,49,2026-05-10 01:00
P002,Banjara Hills,35,3,64,2026-05-10 01:00
P003,Secunderabad,31,0,60,2026-05-10 01:00
P001,Madhapur,37,0,61,2026-05-10 02:00
P002,Banjara Hills,38,0,43,2026-05-10 02:00
P003,Secunderabad,29,0,61,2026-05-10 02:00
P001,Madhapur,30,2,50,2026-05-10 03:00
P002,Banjara Hills,28,2,43,2026-05-10 03:00
P003,Secunderabad,38,3,51,2026-05-10 03:00
P001,Madhapur,30,3,58,2026-05-10 04:00
P002,Banjara Hills,34,3,67,2026-05-10 04:00
P003,Secunderabad,34,2,51,2026-05-10 04:00
P001,Madhapur,37,3,57,2026-05-10 05:00
P002,Banjara Hills,30,1,49,2026-05-10 05:00
P003,Secunderabad,37,0,67,2026-05-10 05:00
P001,Madhapur,29,0,67,2026-05-10 06:00
P002,Banjara Hills,35,1,40,2026-05-10 06:00
P003,Secunderabad,37,2,41,2026-05-10 06:00
P001,Madhapur,38,0,46,2026-05-10 07:00
P002,Banjara Hills,30,0,43,2026-05-10 07:00
P003,Secunderabad,37,0,55,2026-05-10 07:00
P001,Madhapur,31,0,56,2026-05-10 08:00
P002,Banjara Hills,31,0,70,2026-05-10 08:00
P003,Secunderabad,37,2,52,2026-05-10 08:00
P001,Madhapur,29,1,57,2026-05-10 09:00
P002,Banjara Hills,37,0,67,2026-05-10 09:00
P003,Secunderabad,37,2,53,2026-05-10 09:00
P001,Madhapur,36,2,45,2026-05-10 10:00
P002,Banjara Hills,37,1,45,2026-05-10 10:00
P003,Secunderabad,36,0,61,2026-05-10 10:00
P001,Madhapur,36,0,60,2026-05-10 11:00
P002,Banjara Hills,28,0,44,2026-05-10 11:00
P003,Secunderabad,33,2,49,2026-05-10 11:00
P001,Madhapur,37,2,70,2026-05-10 12:00
P002,Banjara Hills,29,0,42,2026-05-10 12:00
P003,Secunderabad,34,3,50,2026-05-10 12:00
P001,Madhapur,36,2,62,2026-05-10 13:00
P002,Banjara Hills,31,2,53,2026-05-10 13:00
P003,Secunderabad,31,0,68,2026-05-10 13:00
P001,Madhapur,28,1,60,2026-05-10 14:00
P002,Banjara Hills,29,1,50,2026-05-10 14:00
P003,Secunderabad,29,0,57,2026-05-10 14:00
P001,Madhapur,29,1,64,2026-05-10 15:00
P002,Banjara Hills,38,0,60,2026-05-10 15:00
P003,Secunderabad,32,2,55,2026-05-10 15:00
P001,Madhapur,36,2,48,2026-05-10 16:00
P002,Banjara Hills,35,2,65,2026-05-10 16:00
P003,Secunderabad,38,3,65,2026-05-10 16:00
P001,Madhapur,34,0,48,2026-05-10 17:00
P002,Banjara Hills,33,0,64,2026-05-10 17:00
P003,Secunderabad,36,3,48,2026-05-10 17:00
P001,Madhapur,35,0,64,2026-05-10 18:00
P002,Banjara Hills,35,3,49,2026-05-10 18:00
P003,Secunderabad,28,1,65,2026-05-10 18:00
P001,Madhapur,34,0,61,2026-05-10 19:00
P002,Banjara Hills,34,2,68,2026-05-10 19:00
P003,Secunderabad,34,0,55,2026-05-10 19:00
P001,Madhapur,32,2,59,2026-05-10 20:00
P002,Banjara Hills,36,2,47,2026-05-10 20:00
P003,Secunderabad,29,0,61,2026-05-10 20:00
P001,Madhapur,28,3,52,2026-05-10 21:00
P002,Banjara Hills,34,2,57,2026-05-10 21:00
P003,Secunderabad,31,1,53,2026-05-10 21:00
P001,Madhapur,33,0,51,2026-05-10 22:00
P002,Banjara Hills,34,1,65,2026-05-10 22:00
P003,Secunderabad,28,2,61,2026-05-10 22:00
P001,Madhapur,38,2,47,2026-05-10 23:00
P002,Banjara Hills,38,0,60,2026-05-10 23:00
P003,Secunderabad,28,0,68,2026-05-10 23:00
P001,Madhapur,34,3,69,2026-05-11 00:00
P002,Banjara Hills,30,1,51,2026-05-11 00:00
P003,Secunderabad,34,0,46,2026-05-11 00:00
P001,Madhapur,28,0,52,2026-05-11 01:00
P002,Banjara Hills,29,2,47,2026-05-11 01:00
P003,Secunderabad,38,2,63,2026-05-11 01:00
P001,Madhapur,32,0,66,2026-05-11 02:00
P002,Banjara Hills,34,0,53,2026-05-11 02:00
P003,Secunderabad,37,0,59,2026-05-11 02:00
P001,Madhapur,35,0,56,2026-05-11 03:00
P002,Banjara Hills,33,3,65,2026-05-11 03:00
P003,Secunderabad,31,3,49,2026-05-11 03:00
P001,Madhapur,32,0,65,2026-05-11 04:00
P002,Banjara Hills,36,1,50,2026-05-11 04:00
P003,Secunderabad,32,2,56,2026-05-11 04:00
P001,Madhapur,28,1,50,2026-05-11 05:00
P002,Banjara Hills,28,3,42,2026-05-11 05:00
P003,Secunderabad,37,1,65,2026-05-11 05:00
P001,Madhapur,30,0,68,2026-05-11 06:00
P002,Banjara Hills,35,2,59,2026-05-11 06:00
P003,Secunderabad,29,1,57,2026-05-11 06:00
P001,Madhapur,32,0,61,2026-05-11 07:00
P002,Banjara Hills,37,3,67,2026-05-11 07:00
P003,Secunderabad,35,0,43,2026-05-11 07:00
P001,Madhapur,36,0,68,2026-05-11 08:00
P002,Banjara Hills,28,1,59,2026-05-11 08:00
P003,Secunderabad,35,0,70,2026-05-11 08:00
P001,Madhapur,33,2,54,2026-05-11 09:00
P002,Banjara Hills,33,2,56,2026-05-11 09:00
P003,Secunderabad,38,0,58,2026-05-11 09:00
P001,Madhapur,32,0,53,2026-05-11 10:00
P002,Banjara Hills,33,2,45,2026-05-11 10:00
P003,Secunderabad,32,0,45,2026-05-11 10:00
P001,Madhapur,38,0,52,2026-05-11 11:00
P002,Banjara Hills,32,2,63,2026-05-11 11:00
P003,Secunderabad,38,0,61,2026-05-11 11:00
P001,Madhapur,38,0,65,2026-05-11 12:00
P002,Banjara Hills,29,3,65,2026-05-11 12:00
P003,Secunderabad,37,0,61,2026-05-11 12:00
P001,Madhapur,37,1,59,2026-05-11 13:00
P002,Banjara Hills,37,3,50,2026-05-11 13:00
P003,Secunderabad,37,0,42,2026-05-11 13:00
P001,Madhapur,29,0,50,2026-05-11 14:00
P002,Banjara Hills,38,0,42,2026-05-11 14:00
P003,Secunderabad,32,0,68,2026-05-11 14:00
P001,Madhapur,36,0,53,2026-05-11 15:00
P002,Banjara Hills,38,0,57,2026-05-11 15:00
P003,Secunderabad,34,0,55,2026-05-11 15:00
P001,Madhapur,31,0,63,2026-05-11 16:00
P002,Banjara Hills,36,0,65,2026-05-11 16:00
P003,Secunderabad,36,3,61,2026-05-11 16:00
P001,Madhapur,32,1,41,2026-05-11 17:00
P002,Banjara Hills,37,3,42,2026-05-11 17:00
P003,Secunderabad,36,0,61,2026-05-11 17:00
P001,Madhapur,33,0,59,2026-05-11 18:00
P002,Banjara Hills,37,0,61,2026-05-11 18:00
P003,Secunderabad,30,3,43,2026-05-11 18:00
P001,Madhapur,35,0,54,2026-05-11 19:00
P002,Banjara Hills,32,0,40,2026-05-11 19:00
P003,Secunderabad,30,3,66,2026-05-11 19:00
P001,Madhapur,34,0,56,2026-05-11 20:00
P002,Banjara Hills,36,2,49,2026-05-11 20:00
P003,Secunderabad,30,3,60,2026-05-11 20:00
P001,Madhapur,34,2,44,2026-05-11 21:00
P002,Banjara Hills,32,2,55,2026-05-11 21:00
P003,Secunderabad,35,0,55,2026-05-11 21:00
P001,Madhapur,29,1,53,2026-05-11 22:00
P002,Banjara Hills,35,2,61,2026-05-11 22:00
P003,Secunderabad,31,3,60,2026-05-11 22:00
P001,Madhapur,35,2,53,2026-05-11 23:00
P002,Banjara Hills,35,0,62,2026-05-11 23:00
P003,Secunderabad,29,0,55,2026-05-11 23:00
P001,Madhapur,36,0,59,2026-05-12 00:00
P002,Banjara Hills,31,3,43,2026-05-12 00:00
P003,Secunderabad,33,1,60,2026-05-12 00:00
P001,Madhapur,38,0,52,2026-05-12 01:00
P002,Banjara Hills,31,0,67,2026-05-12 01:00
P003,Secunderabad,33,3,45,2026-05-12 01:00
P001,Madhapur,38,0,50,2026-05-12 02:00
P002,Banjara Hills,30,2,58,2026-05-12 02:00
P003,Secunderabad,33,3,60,2026-05-12 02:00
P001,Madhapur,29,0,61,2026-05-12 03:00
P002,Banjara Hills,35,3,56,2026-05-12 03:00
P003,Secunderabad,33,0,66,2026-05-12 03:00
P001,Madhapur,29,2,46,2026-05-12 04:00
P002,Banjara Hills,37,0,52,2026-05-12 04:00
P003,Secunderabad,37,0,44,2026-05-12 04:00
P001,Madhapur,28,3,45,2026-05-12 05:00
P002,Banjara Hills,28,1,63,2026-05-12 05:00
P003,Secunderabad,38,0,63,2026-05-12 05:00
P001,Madhapur,29,1,57,2026-05-12 06:00
P002,Banjara Hills,32,3,63,2026-05-12 06:00
P003,Secunderabad,35,0,41,2026-05-12 06:00
P001,Madhapur,32,0,47,2026-05-12 07:00
P002,Banjara Hills,35,0,47,2026-05-12 07:00
P003,Secunderabad,37,0,57,2026-05-12 07:00
P001,Madhapur,36,0,47,2026-05-12 08:00
P002,Banjara Hills,31,0,68,2026-05-12 08:00
P003,Secunderabad,29,1,42,2026-05-12 08:00
P001,Madhapur,34,0,62,2026-05-12 09:00
P002,Banjara Hills,33,0,68,2026-05-12 09:00
P003,Secunderabad,28,0,52,2026-05-12 09:00
P001,Madhapur,31,0,64,2026-05-12 10:00
P002,Banjara Hills,36,0,52,2026-05-12 10:00
P003,Secunderabad,30,1,52,2026-05-12 10:00
P001,Madhapur,32,0,43,2026-05-12 11:00
P002,Banjara Hills,29,0,51,2026-05-12 11:00
P003,Secunderabad,32,2,49,2026-05-12 11:00
P001,Madhapur,33,2,43,2026-05-12 12:00
P002,Banjara Hills,32,3,54,2026-05-12 12:00
P003,Secunderabad,29,0,42,2026-05-12 12:00
P001,Madhapur,34,2,58,2026-05-12 13:00
P002,Banjara Hills,28,2,48,2026-05-12 13:00
P003,Secunderabad,38,0,58,2026-05-12 13:00
P001,Madhapur,35,2,65,2026-05-12 14:00
P002,Banjara Hills,29,2,41,2026-05-12 14:00
P003,Secunderabad,35,3,44,2026-05-12 14:00
P001,Madhapur,37,3,46,2026-05-12 15:00
P002,Banjara Hills,28,2,65,2026-05-12 15:00
P003,Secunderabad,30,1,45,2026-05-12 15:00
P001,Madhapur,34,0,45,2026-05-12 16:00
P002,Banjara Hills,34,3,70,2026-05-12 16:00
P003,Secunderabad,33,0,47,2026-05-12 16:00
P001,Madhapur,33,3,52,2026-05-12 17:00
P002,Banjara Hills,31,0,48,2026-05-12 17:00
P003,Secunderabad,32,0,55,2026-05-12 17:00
P001,Madhapur,32,2,53,2026-05-12 18:00
P002,Banjara Hills,28,0,49,2026-05-12 18:00
P003,Secunderabad,35,1,63,2026-05-12 18:00
P001,Madhapur,35,0,40,2026-05-12 19:00
P002,Banjara Hills,37,0,56,2026-05-12 19:00
P003,Secunderabad,31,3,53,2026-05-12 19:00
P001,Madhapur,36,1,51,2026-05-12 20:00
P002,Banjara Hills,37,2,62,2026-05-12 20:00
P003,Secunderabad,35,0,68,2026-05-12 20:00
P001,Madhapur,28,0,69,2026-05-12 21:00
P002,Banjara Hills,37,3,44,2026-05-12 21:00
P003,Secunderabad,37,3,40,2026-05-12 21:00
P001,Madhapur,29,0,45,2026-05-12 22:00
P002,Banjara Hills,30,0,66,2026-05-12 22:00
P003,Secunderabad,31,2,45,2026-05-12 22:00
P001,Madhapur,36,3,52,2026-05-12 23:00
P002,Banjara Hills,36,1,68,2026-05-12 23:00
P003,Secunderabad,34,0,68,2026-05-12 23:00
P001,Madhapur,31,2,44,2026-05-13 00:00
P002,Banjara Hills,31,2,63,2026-05-13 00:00
P003,Secunderabad,33,2,60,2026-05-13 00:00
P001,Madhapur,32,3,51,2026-05-13 01:00
P002,Banjara Hills,33,0,61,2026-05-13 01:00
P003,Secunderabad,34,3,44,2026-05-13 01:00
P001,Madhapur,31,0,49,2026-05-13 02:00
P002,Banjara Hills,34,2,46,2026-05-13 02:00
P003,Secunderabad,38,0,52,2026-05-13 02:00
P001,Madhapur,37,0,60,2026-05-13 03:00
P002,Banjara Hills,35,3,41,2026-05-13 03:00
P003,Secunderabad,29,2,60,2026-05-13 03:00
P001,Madhapur,36,2,58,2026-05-13 04:00
P002,Banjara Hills,34,3,48,2026-05-13 04:00
P003,Secunderabad,38,1,51,2026-05-13 04:00
P001,Madhapur,33,0,70,2026-05-13 05:00
P002,Banjara Hills,35,0,61,2026-05-13 05:00
P003,Secunderabad,31,0,47,2026-05-13 05:00
P001,Madhapur,33,0,55,2026-05-13 06:00
P002,Banjara Hills,32,0,40,2026-05-13 06:00
P003,Secunderabad,37,2,67,2026-05-13 06:00
P001,Madhapur,28,0,51,2026-05-13 07:00
P002,Banjara Hills,28,0,63,2026-05-13 07:00
P003,Secunderabad,28,1,53,2026-05-13 07:00
P001,Madhapur,28,2,50,2026-05-13 08:00
P002,Banjara Hills,30,2,45,2026-05-13 08:00
P003,Secunderabad,36,0,61,2026-05-13 08:00
P001,Madhapur,34,3,51,2026-05-13 09:00
P002,Banjara Hills,36,3,50,2026-05-13 09:00
P003,Secunderabad,35,3,57,2026-05-13 09:00
P001,Madhapur,28,0,66,2026-05-13 10:00
P002,Banjara Hills,37,0,52,2026-05-13 10:00
P003,Secunderabad,35,2,52,2026-05-13 10:00
P001,Madhapur,32,0,52,2026-05-13 11:00
P002,Banjara Hills,29,0,59,2026-05-13 11:00
P003,Secunderabad,32,1,63,2026-05-13 11:00
P001,Madhapur,29,0,54,2026-05-13 12:00
P002,Banjara Hills,33,0,53,2026-05-13 12:00
P003,Secunderabad,31,0,54,2026-05-13 12:00
P001,Madhapur,37,3,70,2026-05-13 13:00
P002,Banjara Hills,36,2,44,2026-05-13 13:00
P003,Secunderabad,38,3,44,2026-05-13 13:00
P001,Madhapur,30,0,67,2026-05-13 14:00
P002,Banjara Hills,34,0,69,2026-05-13 14:00
P003,Secunderabad,31,0,44,2026-05-13 14:00
P001,Madhapur,28,1,59,2026-05-13 15:00
P002,Banjara Hills,31,2,46,2026-05-13 15:00
P003,Secunderabad,32,0,45,2026-05-13 15:00
P001,Madhapur,28,2,52,2026-05-13 16:00
P002,Banjara Hills,30,3,66,2026-05-13 16:00
P003,Secunderabad,34,0,51,2026-05-13 16:00
P001,Madhapur,31,3,50,2026-05-13 17:00
P002,Banjara Hills,37,0,43,2026-05-13 17:00
P003,Secunderabad,35,2,58,2026-05-13 17:00
P001,Madhapur,28,1,55,2026-05-13 18:00
P002,Banjara Hills,38,0,46,2026-05-13 18:00
P003,Secunderabad,36,0,53,2026-05-13 18:00
P001,Madhapur,29,2,70,2026-05-13 19:00
P002,Banjara Hills,37,2,69,2026-05-13 19:00
P003,Secunderabad,31,0,41,2026-05-13 19:00
P001,Madhapur,38,2,49,2026-05-13 20:00
P002,Banjara Hills,31,2,44,2026-05-13 20:00
P003,Secunderabad,30,0,47,2026-05-13 20:00
P001,Madhapur,31,0,40,2026-05-13 21:00
P002,Banjara Hills,32,0,63,2026-05-13 21:00
P003,Secunderabad,36,0,57,2026-05-13 21:00
P001,Madhapur,36,0,45,2026-05-13 22:00
P002,Banjara Hills,28,2,66,2026-05-13 22:00
P003,Secunderabad,35,2,56,2026-05-13 22:00
P001,Madhapur,37,2,50,2026-05-13 23:00
P002,Banjara Hills,38,2,68,2026-05-13 23:00
P003,Secunderabad,34,0,53,2026-05-13 23:00
P001,Madhapur,36,0,58,2026-05-14 00:00
P002,Banjara Hills,31,0,63,2026-05-14 00:00
P003,Secunderabad,30,3,44,2026-05-14 00:00
P001,Madhapur,32,0,58,2026-05-14 01:00
P002,Banjara Hills,34,1,52,2026-05-14 01:00
P003,Secunderabad,35,2,66,2026-05-14 01:00
P001,Madhapur,35,1,43,2026-05-14 02:00
P002,Banjara Hills,36,2,61,2026-05-14 02:00
P003,Secunderabad,33,0,51,2026-05-14 02:00
P001,Madhapur,31,0,58,2026-05-14 03:00
P002,Banjara Hills,33,2,59,2026-05-14 03:00
P003,Secunderabad,32,1,51,2026-05-14 03:00
P001,Madhapur,32,1,42,2026-05-14 04:00
P002,Banjara Hills,35,3,48,2026-05-14 04:00
P003,Secunderabad,37,3,51,2026-05-14 04:00
P001,Madhapur,36,3,40,2026-05-14 05:00
P002,Banjara Hills,36,1,66,2026-05-14 05:00
P003,Secunderabad,34,0,55,2026-05-14 05:00
P001,Madhapur,37,0,48,2026-05-14 06:00
P002,Banjara Hills,33,0,57,2026-05-14 06:00
P003,Secunderabad,33,0,70,2026-05-14 06:00
P001,Madhapur,38,1,52,2026-05-14 07:00
P002,Banjara Hills,28,2,51,2026-05-14 07:00
P003,Secunderabad,38,0,70,2026-05-14 07:00
P001,Madhapur,34,0,67,2026-05-14 08:00
P002,Banjara Hills,29,0,69,2026-05-14 08:00
P003,Secunderabad,28,3,46,2026-05-14 08:00
P001,Madhapur,32,1,42,2026-05-14 09:00
P002,Banjara Hills,28,1,69,2026-05-14 09:00
P003,Secunderabad,28,0,61,2026-05-14 09:00
P001,Madhapur,30,3,64,2026-05-14 10:00
P002,Banjara Hills,37,3,63,2026-05-14 10:00
P003,Secunderabad,32,1,62,2026-05-14 10:00
P001,Madhapur,29,1,55,2026-05-14 11:00
P002,Banjara Hills,28,0,48,2026-05-14 11:00
P003,Secunderabad,33,3,43,2026-05-14 11:00
P001,Madhapur,33,3,70,2026-05-14 12:00
P002,Banjara Hills,38,3,53,2026-05-14 12:00
P003,Secunderabad,37,2,62,2026-05-14 12:00
P001,Madhapur,28,2,50,2026-05-14 13:00
P002,Banjara Hills,35,2,64,2026-05-14 13:00
P003,Secunderabad,34,0,45,2026-05-14 13:00
P001,Madhapur,30,3,59,2026-05-14 14:00
P002,Banjara Hills,34,3,64,2026-05-14 14:00
P003,Secunderabad,32,2,67,2026-05-14 14:00
P001,Madhapur,30,0,43,2026-05-14 15:00
P002,Banjara Hills,31,2,46,2026-05-14 15:00
P003,Secunderabad,29,1,47,2026-05-14 15:00
P001,Madhapur,32,0,49,2026-05-14 16:00
P002,Banjara Hills,35,3,48,2026-05-14 16:00
P003,Secunderabad,34,2,58,2026-05-14 16:00
P001,Madhapur,31,1,51,2026-05-14 17:00
P002,Banjara Hills,37,0,45,2026-05-14 17:00
P003,Secunderabad,34,3,46,2026-05-14 17:00
P001,Madhapur,30,2,42,2026-05-14 18:00
P002,Banjara Hills,29,0,61,2026-05-14 18:00
P003,Secunderabad,37,1,48,2026-05-14 18:00
P001,Madhapur,34,3,67,2026-05-14 19:00
P002,Banjara Hills,34,0,42,2026-05-14 19:00
P003,Secunderabad,31,3,59,2026-05-14 19:00
P001,Madhapur,31,3,43,2026-05-14 20:00
P002,Banjara Hills,36,1,43,2026-05-14 20:00
P003,Secunderabad,36,0,65,2026-05-14 20:00
P001,Madhapur,38,0,68,2026-05-14 21:00
P002,Banjara Hills,33,1,70,2026-05-14 21:00
P003,Secunderabad,31,0,61,2026-05-14 21:00
P001,Madhapur,33,0,68,2026-05-14 22:00
P002,Banjara Hills,36,2,48,2026-05-14 22:00
P003,Secunderabad,33,0,44,2026-05-14 22:00
P001,Madhapur,28,1,61,2026-05-14 23:00
P002,Banjara Hills,34,0,68,2026-05-14 23:00
P003,Secunderabad,34,0,60,2026-05-14 23:00
P001,Madhapur,36,2,68,2026-05-15 00:00
P002,Banjara Hills,36,1,49,2026-05-15 00:00
P003,Secunderabad,33,0,47,2026-05-15 00:00
P001,Madhapur,35,0,59,2026-05-15 01:00
P002,Banjara Hills,33,0,52,2026-05-15 01:00
P003,Secunderabad,36,0,41,2026-05-15 01:00
P001,Madhapur,36,0,41,2026-05-15 02:00
P002,Banjara Hills,38,2,65,2026-05-15 02:00
P003,Secunderabad,31,0,50,2026-05-15 02:00
P001,Madhapur,34,1,50,2026-05-15 03:00
P002,Banjara Hills,38,0,69,2026-05-15 03:00
P003,Secunderabad,28,0,60,2026-05-15 03:00
P001,Madhapur,35,1,68,2026-05-15 04:00
P002,Banjara Hills,34,2,58,2026-05-15 04:00
P003,Secunderabad,33,0,46,2026-05-15 04:00
P001,Madhapur,29,0,68,2026-05-15 05:00
P002,Banjara Hills,38,0,67,2026-05-15 05:00
P003,Secunderabad,29,2,46,2026-05-15 05:00
P001,Madhapur,34,0,64,2026-05-15 06:00
P002,Banjara Hills,34,0,47,2026-05-15 06:00
P003,Secunderabad,38,0,47,2026-05-15 06:00
P001,Madhapur,29,0,48,2026-05-15 07:00
P002,Banjara Hills,30,0,49,2026-05-15 07:00
P003,Secunderabad,37,0,66,2026-05-15 07:00
P001,Madhapur,33,0,63,2026-05-15 08:00
P002,Banjara Hills,37,2,67,2026-05-15 08:00
P003,Secunderabad,31,2,54,2026-05-15 08:00
P001,Madhapur,29,1,51,2026-05-15 09:00
P002,Banjara Hills,37,2,49,2026-05-15 09:00
P003,Secunderabad,34,3,63,2026-05-15 09:00
P001,Madhapur,36,3,51,2026-05-15 10:00
P002,Banjara Hills,28,0,64,2026-05-15 10:00
P003,Secunderabad,28,0,45,2026-05-15 10:00
P001,Madhapur,31,3,67,2026-05-15 11:00
P002,Banjara Hills,37,0,40,2026-05-15 11:00
P003,Secunderabad,34,0,66,2026-05-15 11:00
P001,Madhapur,30,0,58,2026-05-15 12:00
P002,Banjara Hills,28,1,67,2026-05-15 12:00
P003,Secunderabad,29,3,65,2026-05-15 12:00
P001,Madhapur,31,2,65,2026-05-15 13:00
P002,Banjara Hills,28,1,61,2026-05-15 13:00
P003,Secunderabad,28,1,65,2026-05-15 13:00
P001,Madhapur,33,2,40,2026-05-15 14:00
P002,Banjara Hills,29,1,53,2026-05-15 14:00
P003,Secunderabad,28,2,56,2026-05-15 14:00
P001,Madhapur,34,0,47,2026-05-15 15:00
P002,Banjara Hills,32,2,44,2026-05-15 15:00
P003,Secunderabad,37,0,45,2026-05-15 15:00
P001,Madhapur,31,0,68,2026-05-15 16:00
P002,Banjara Hills,37,1,63,2026-05-15 16:00
P003,Secunderabad,36,2,64,2026-05-15 16:00
P001,Madhapur,30,2,67,2026-05-15 17:00
P002,Banjara Hills,37,0,63,2026-05-15 17:00
P003,Secunderabad,35,1,64,2026-05-15 17:00
P001,Madhapur,38,0,48,2026-05-15 18:00
P002,Banjara Hills,37,3,42,2026-05-15 18:00
P003,Secunderabad,33,0,52,2026-05-15 18:00
P001,Madhapur,36,2,41,2026-05-15 19:00
P002,Banjara Hills,33,0,70,2026-05-15 19:00
P003,Secunderabad,33,0,43,2026-05-15 19:00
P001,Madhapur,29,3,46,2026-05-15 20:00
P002,Banjara Hills,32,2,54,2026-05-15 20:00
P003,Secunderabad,32,3,58,2026-05-15 20:00
P001,Madhapur,28,0,50,2026-05-15 21:00
P002,Banjara Hills,38,0,43,2026-05-15 21:00
P003,Secunderabad,32,0,58,2026-05-15 21:00
P001,Madhapur,29,0,65,2026-05-15 22:00
P002,Banjara Hills,35,0,59,2026-05-15 22:00
P003,Secunderabad,38,3,61,2026-05-15 22:00
P001,Madhapur,37,1,65,2026-05-15 23:00
P002,Banjara Hills,30,3,68,2026-05-15 23:00
P003,Secunderabad,28,3,43,2026-05-15 23:00
P001,Madhapur,29,3,70,2026-05-16 00:00
P002,Banjara Hills,37,1,51,2026-05-16 00:00
P003,Secunderabad,32,2,61,2026-05-16 00:00
P001,Madhapur,30,0,49,2026-05-16 01:00
P002,Banjara Hills,29,1,49,2026-05-16 01:00
P003,Secunderabad,35,0,41,2026-05-16 01:00
P001,Madhapur,28,2,43,2026-05-16 02:00
P002,Banjara Hills,38,0,40,2026-05-16 02:00
P003,Secunderabad,30,0,50,2026-05-16 02:00
P001,Madhapur,33,0,41,2026-05-16 03:00
P002,Banjara Hills,29,0,41,2026-05-16 03:00
P003,Secunderabad,37,2,57,2026-05-16 03:00
P001,Madhapur,33,1,40,2026-05-16 04:00
P002,Banjara Hills,30,2,40,2026-05-16 04:00
P003,Secunderabad,37,2,69,2026-05-16 04:00
P001,Madhapur,34,2,51,2026-05-16 05:00
P002,Banjara Hills,33,2,49,2026-05-16 05:00
P003,Secunderabad,37,3,70,2026-05-16 05:00
P001,Madhapur,31,0,59,2026-05-16 06:00
P002,Banjara Hills,35,0,46,2026-05-16 06:00
P003,Secunderabad,35,0,57,2026-05-16 06:00
P001,Madhapur,28,0,55,2026-05-16 07:00
P002,Banjara Hills,28,2,70,2026-05-16 07:00
P003,Secunderabad,35,3,68,2026-05-16 07:00
P001,Madhapur,29,0,57,2026-05-16 08:00
P002,Banjara Hills,37,0,63,2026-05-16 08:00
P003,Secunderabad,38,3,51,2026-05-16 08:00
P001,Madhapur,37,0,69,2026-05-16 09:00
P002,Banjara Hills,38,1,43,2026-05-16 09:00
P003,Secunderabad,33,0,69,2026-05-16 09:00
P001,Madhapur,34,3,70,2026-05-16 10:00
P002,Banjara Hills,37,3,40,2026-05-16 10:00
P003,Secunderabad,30,0,64,2026-05-16 10:00
P001,Madhapur,31,1,51,2026-05-16 11:00
P002,Banjara Hills,28,2,57,2026-05-16 11:00
P003,Secunderabad,29,0,43,2026-05-16 11:00
P001,Madhapur,29,0,63,2026-05-16 12:00
P002,Banjara Hills,36,3,52,2026-05-16 12:00
P003,Secunderabad,37,2,55,2026-05-16 12:00
P001,Madhapur,33,0,48,2026-05-16 13:00
P002,Banjara Hills,36,1,48,2026-05-16 13:00
P003,Secunderabad,30,2,54,2026-05-16 13:00
P001,Madhapur,29,0,52,2026-05-16 14:00
P002,Banjara Hills,37,0,49,2026-05-16 14:00
P003,Secunderabad,28,2,41,2026-05-16 14:00
P001,Madhapur,32,0,42,2026-05-16 15:00
P002,Banjara Hills,34,0,67,2026-05-16 15:00
P003,Secunderabad,37,2,51,2026-05-16 15:00
P001,Madhapur,35,2,69,2026-05-16 16:00
P002,Banjara Hills,34,0,55,2026-05-16 16:00
P003,Secunderabad,36,3,57,2026-05-16 16:00
P001,Madhapur,36,1,50,2026-05-16 17:00
P002,Banjara Hills,36,0,55,2026-05-16 17:00
P003,Secunderabad,35,2,54,2026-05-16 17:00
P001,Madhapur,29,2,66,2026-05-16 18:00
P002,Banjara Hills,37,1,48,2026-05-16 18:00
P003,Secunderabad,34,2,57,2026-05-16 18:00
P001,Madhapur,35,1,40,2026-05-16 19:00
P002,Banjara Hills,36,2,44,2026-05-16 19:00
P003,Secunderabad,34,0,43,2026-05-16 19:00
P001,Madhapur,29,1,70,2026-05-16 20:00
P002,Banjara Hills,37,0,48,2026-05-16 20:00
P003,Secunderabad,31,0,61,2026-05-16 20:00
P001,Madhapur,30,0,54,2026-05-16 21:00
P002,Banjara Hills,32,3,65,2026-05-16 21:00
P003,Secunderabad,37,0,42,2026-05-16 21:00
P001,Madhapur,33,0,60,2026-05-16 22:00
P002,Banjara Hills,32,0,64,2026-05-16 22:00
P003,Secunderabad,35,2,43,2026-05-16 22:00
P001,Madhapur,33,0,43,2026-05-16 23:00
P002,Banjara Hills,29,0,69,2026-05-16 23:00
P003,Secunderabad,36,0,61,2026-05-16 23:00
P001,Madhapur,35,3,47,2026-05-17 00:00
P002,Banjara Hills,38,1,69,2026-05-17 00:00
P003,Secunderabad,32,0,46,2026-05-17 00:00
P001,Madhapur,31,0,50,2026-05-17 01:00
P002,Banjara Hills,28,0,68,2026-05-17 01:00
P003,Secunderabad,37,1,49,2026-05-17 01:00
P001,Madhapur,31,0,63,2026-05-17 02:00
P002,Banjara Hills,36,2,65,2026-05-17 02:00
P003,Secunderabad,35,0,66,2026-05-17 02:00
P001,Madhapur,38,1,53,2026-05-17 03:00
P002,Banjara Hills,32,0,47,2026-05-17 03:00
P003,Secunderabad,34,2,57,2026-05-17 03:00
P001,Madhapur,30,1,52,2026-05-17 04:00
P002,Banjara Hills,33,0,45,2026-05-17 04:00
P003,Secunderabad,29,0,62,2026-05-17 04:00
P001,Madhapur,34,2,45,2026-05-17 05:00
P002,Banjara Hills,32,1,47,2026-05-17 05:00
P003,Secunderabad,32,0,52,2026-05-17 05:00
P001,Madhapur,35,3,41,2026-05-17 06:00
P002,Banjara Hills,32,0,57,2026-05-17 06:00
P003,Secunderabad,35,1,42,2026-05-17 06:00
P001,Madhapur,31,0,65,2026-05-17 07:00
P002,Banjara Hills,32,0,64,2026-05-17 07:00
P003,Secunderabad,33,2,61,2026-05-17 07:00
P001,Madhapur,30,0,55,2026-05-17 08:00
P002,Banjara Hills,35,3,61,2026-05-17 08:00
P003,Secunderabad,35,0,65,2026-05-17 08:00
P001,Madhapur,36,0,51,2026-05-17 09:00
P002,Banjara Hills,37,3,54,2026-05-17 09:00
P003,Secunderabad,29,3,47,2026-05-17 09:00
P001,Madhapur,35,0,70,2026-05-17 10:00
P002,Banjara Hills,31,0,59,2026-05-17 10:00
P003,Secunderabad,35,2,70,2026-05-17 10:00
P001,Madhapur,32,2,57,2026-05-17 11:00
P002,Banjara Hills,31,1,56,2026-05-17 11:00
P003,Secunderabad,38,0,61,2026-05-17 11:00
P001,Madhapur,30,0,46,2026-05-17 12:00
P002,Banjara Hills,38,2,40,2026-05-17 12:00
P003,Secunderabad,37,0,42,2026-05-17 12:00
P001,Madhapur,37,0,46,2026-05-17 13:00
P002,Banjara Hills,36,2,43,2026-05-17 13:00
P003,Secunderabad,30,3,43,2026-05-17 13:00
P001,Madhapur,38,0,43,2026-05-17 14:00
P002,Banjara Hills,38,0,44,2026-05-17 14:00
P003,Secunderabad,37,0,53,2026-05-17 14:00
P001,Madhapur,33,1,63,2026-05-17 15:00
P002,Banjara Hills,32,0,51,2026-05-17 15:00
P003,Secunderabad,30,2,45,2026-05-17 15:00
P001,Madhapur,38,1,63,2026-05-17 16:00
P002,Banjara Hills,35,0,43,2026-05-17 16:00
P003,Secunderabad,35,2,41,2026-05-17 16:00
P001,Madhapur,28,1,44,2026-05-17 17:00
P002,Banjara Hills,38,1,70,2026-05-17 17:00
P003,Secunderabad,29,2,68,2026-05-17 17:00
P001,Madhapur,34,0,58,2026-05-17 18:00
P002,Banjara Hills,33,0,52,2026-05-17 18:00
P003,Secunderabad,29,1,63,2026-05-17 18:00
P001,Madhapur,36,0,45,2026-05-17 19:00
P002,Banjara Hills,33,2,55,2026-05-17 19:00
P003,Secunderabad,35,3,51,2026-05-17 19:00
P001,Madhapur,36,2,55,2026-05-17 20:00
P002,Banjara Hills,37,1,68,2026-05-17 20:00
P003,Secunderabad,32,2,45,2026-05-17 20:00
P001,Madhapur,35,0,61,2026-05-17 21:00
P002,Banjara Hills,36,1,58,2026-05-17 21:00
P003,Secunderabad,36,3,70,2026-05-17 21:00
P001,Madhapur,35,0,65,2026-05-17 22:00
P002,Banjara Hills,38,0,69,2026-05-17 22:00
P003,Secunderabad,32,2,46,2026-05-17 22:00
P001,Madhapur,28,2,49,2026-05-17 23:00
P002,Banjara Hills,32,2,57,2026-05-17 23:00
P003,Secunderabad,32,0,56,2026-05-17 23:00
P001,Madhapur,36,0,65,2026-05-18 00:00
P002,Banjara Hills,32,0,52,2026-05-18 00:00
P003,Secunderabad,38,3,45,2026-05-18 00:00
P001,Madhapur,28,0,45,2026-05-18 01:00
P002,Banjara Hills,37,3,40,2026-05-18 01:00
P003,Secunderabad,31,1,69,2026-05-18 01:00
P001,Madhapur,29,3,44,2026-05-18 02:00
P002,Banjara Hills,36,0,63,2026-05-18 02:00
P003,Secunderabad,29,0,68,2026-05-18 02:00
P001,Madhapur,29,3,63,2026-05-18 03:00
P002,Banjara Hills,33,1,48,2026-05-18 03:00
P003,Secunderabad,35,3,46,2026-05-18 03:00
P001,Madhapur,33,1,65,2026-05-18 04:00
P002,Banjara Hills,30,0,58,2026-05-18 04:00
P003,Secunderabad,31,3,43,2026-05-18 04:00
P001,Madhapur,30,2,54,2026-05-18 05:00
P002,Banjara Hills,38,0,48,2026-05-18 05:00
P003,Secunderabad,38,3,53,2026-05-18 05:00
P001,Madhapur,31,0,40,2026-05-18 06:00
P002,Banjara Hills,34,0,50,2026-05-18 06:00
P003,Secunderabad,36,1,55,2026-05-18 06:00
P001,Madhapur,37,2,64,2026-05-18 07:00
P002,Banjara Hills,37,0,55,2026-05-18 07:00
P003,Secunderabad,32,1,67,2026-05-18 07:00
P001,Madhapur,36,2,46,2026-05-18 08:00
P002,Banjara Hills,37,0,64,2026-05-18 08:00
P003,Secunderabad,34,3,68,2026-05-18 08:00
P001,Madhapur,34,0,60,2026-05-18 09:00
P002,Banjara Hills,31,1,43,2026-05-18 09:00
P003,Secunderabad,36,0,48,2026-05-18 09:00
P001,Madhapur,36,2,49,2026-05-18 10:00
P002,Banjara Hills,38,3,65,2026-05-18 10:00
P003,Secunderabad,31,2,69,2026-05-18 10:00
P001,Madhapur,33,3,50,2026-05-18 11:00
P002,Banjara Hills,29,3,48,2026-05-18 11:00
P003,Secunderabad,34,0,70,2026-05-18 11:00
P001,Madhapur,36,2,58,2026-05-18 12:00
P002,Banjara Hills,28,3,64,2026-05-18 12:00
P003,Secunderabad,31,3,45,2026-05-18 12:00
P001,Madhapur,33,3,58,2026-05-18 13:00
P002,Banjara Hills,33,0,59,2026-05-18 13:00
P003,Secunderabad,29,0,55,2026-05-18 13:00
P001,Madhapur,30,0,66,2026-05-18 14:00
P002,Banjara Hills,38,2,64,2026-05-18 14:00
P003,Secunderabad,33,0,66,2026-05-18 14:00
P001,Madhapur,38,0,53,2026-05-18 15:00
P002,Banjara Hills,29,1,40,2026-05-18 15:00
P003,Secunderabad,32,0,54,2026-05-18 15:00
P001,Madhapur,28,2,43,2026-05-18 16:00
P002,Banjara Hills,34,1,49,2026-05-18 16:00
P003,Secunderabad,28,0,60,2026-05-18 16:00
P001,Madhapur,29,2,67,2026-05-18 17:00
P002,Banjara Hills,35,1,42,2026-05-18 17:00
P003,Secunderabad,33,1,58,2026-05-18 17:00
P001,Madhapur,31,0,50,2026-05-18 18:00
P002,Banjara Hills,36,0,57,2026-05-18 18:00
P003,Secunderabad,36,3,68,2026-05-18 18:00
P001,Madhapur,28,1,65,2026-05-18 19:00
P002,Banjara Hills,31,3,62,2026-05-18 19:00
P003,Secunderabad,34,0,45,2026-05-18 19:00
P001,Madhapur,34,1,55,2026-05-18 20:00
P002,Banjara Hills,30,1,54,2026-05-18 20:00
P003,Secunderabad,33,1,57,2026-05-18 20:00
P001,Madhapur,37,3,60,2026-05-18 21:00
P002,Banjara Hills,35,0,55,2026-05-18 21:00
P003,Secunderabad,34,3,41,2026-05-18 21:00
P001,Madhapur,37,0,49,2026-05-18 22:00
P002,Banjara Hills,32,0,64,2026-05-18 22:00
P003,Secunderabad,34,0,47,2026-05-18 22:00
P001,Madhapur,32,0,64,2026-05-18 23:00
P002,Banjara Hills,38,0,47,2026-05-18 23:00
P003,Secunderabad,34,0,64,2026-05-18 23:00
P001,Madhapur,32,0,57,2026-05-19 00:00
P002,Banjara Hills,35,2,61,2026-05-19 00:00
P003,Secunderabad,36,1,58,2026-05-19 00:00
P001,Madhapur,34,2,67,2026-05-19 01:00
P002,Banjara Hills,34,0,63,2026-05-19 01:00
P003,Secunderabad,30,2,56,2026-05-19 01:00
P001,Madhapur,36,2,59,2026-05-19 02:00
P002,Banjara Hills,30,0,48,2026-05-19 02:00
P003,Secunderabad,28,2,65,2026-05-19 02:00
P001,Madhapur,29,0,45,2026-05-19 03:00
P002,Banjara Hills,34,2,54,2026-05-19 03:00
P003,Secunderabad,36,0,55,2026-05-19 03:00
P001,Madhapur,36,3,48,2026-05-19 04:00
P002,Banjara Hills,29,2,44,2026-05-19 04:00
P003,Secunderabad,30,0,50,2026-05-19 04:00
P001,Madhapur,38,1,40,2026-05-19 05:00
P002,Banjara Hills,36,0,47,2026-05-19 05:00
P003,Secunderabad,34,2,62,2026-05-19 05:00
P001,Madhapur,33,2,45,2026-05-19 06:00
P002,Banjara Hills,37,0,70,2026-05-19 06:00
P003,Secunderabad,28,0,68,2026-05-19 06:00
P001,Madhapur,34,0,47,2026-05-19 07:00
P002,Banjara Hills,37,3,44,2026-05-19 07:00
P003,Secunderabad,31,0,70,2026-05-19 07:00
P001,Madhapur,36,1,43,2026-05-19 08:00
P002,Banjara Hills,35,2,48,2026-05-19 08:00
P003,Secunderabad,35,3,69,2026-05-19 08:00
P001,Madhapur,38,1,51,2026-05-19 09:00
P002,Banjara Hills,29,0,45,2026-05-19 09:00
P003,Secunderabad,32,2,54,2026-05-19 09:00
P001,Madhapur,38,0,42,2026-05-19 10:00
P002,Banjara Hills,35,2,68,2026-05-19 10:00
P003,Secunderabad,37,3,49,2026-05-19 10:00
P001,Madhapur,38,0,63,2026-05-19 11:00
P002,Banjara Hills,31,2,59,2026-05-19 11:00
P003,Secunderabad,30,2,69,2026-05-19 11:00
P001,Madhapur,32,3,50,2026-05-19 12:00
P002,Banjara Hills,29,0,56,2026-05-19 12:00
P003,Secunderabad,30,2,60,2026-05-19 12:00
P001,Madhapur,31,3,42,2026-05-19 13:00
P002,Banjara Hills,28,2,58,2026-05-19 13:00
P003,Secunderabad,37,1,63,2026-05-19 13:00
P001,Madhapur,34,2,58,2026-05-19 14:00
P002,Banjara Hills,35,1,69,2026-05-19 14:00
P003,Secunderabad,30,0,61,2026-05-19 14:00
P001,Madhapur,28,0,48,2026-05-19 15:00
P002,Banjara Hills,32,0,51,2026-05-19 15:00
P003,Secunderabad,31,0,70,2026-05-19 15:00
P001,Madhapur,35,3,68,2026-05-19 16:00
P002,Banjara Hills,30,3,62,2026-05-19 16:00
P003,Secunderabad,29,2,41,2026-05-19 16:00
P001,Madhapur,32,0,46,2026-05-19 17:00
P002,Banjara Hills,31,0,67,2026-05-19 17:00
P003,Secunderabad,33,0,57,2026-05-19 17:00
P001,Madhapur,34,0,63,2026-05-19 18:00
P002,Banjara Hills,37,1,59,2026-05-19 18:00
P003,Secunderabad,37,1,53,2026-05-19 18:00
P001,Madhapur,31,0,70,2026-05-19 19:00
P002,Banjara Hills,29,0,54,2026-05-19 19:00
P003,Secunderabad,28,2,42,2026-05-19 19:00
P001,Madhapur,28,2,52,2026-05-19 20:00
P002,Banjara Hills,29,3,54,2026-05-19 20:00
P003,Secunderabad,37,0,43,2026-05-19 20:00
P001,Madhapur,37,0,67,2026-05-19 21:00
P002,Banjara Hills,33,2,46,2026-05-19 21:00
P003,Secunderabad,36,3,67,2026-05-19 21:00
P001,Madhapur,35,2,66,2026-05-19 22:00
P002,Banjara Hills,37,1,55,2026-05-19 22:00
P003,Secunderabad,34,2,45,2026-05-19 22:00
P001,Madhapur,34,1,56,2026-05-19 23:00
P002,Banjara Hills,29,3,50,2026-05-19 23:00
P003,Secunderabad,30,0,45,2026-05-19 23:00
P001,Madhapur,37,1,51,2026-05-20 00:00
P002,Banjara Hills,37,1,65,2026-05-20 00:00
P003,Secunderabad,28,0,69,2026-05-20 00:00
P001,Madhapur,28,2,63,2026-05-20 01:00
P002,Banjara Hills,28,3,62,2026-05-20 01:00
P003,Secunderabad,38,0,67,2026-05-20 01:00
P001,Madhapur,32,2,48,2026-05-20 02:00
P002,Banjara Hills,28,0,64,2026-05-20 02:00
P003,Secunderabad,34,0,46,2026-05-20 02:00
P001,Madhapur,37,2,58,2026-05-20 03:00
P002,Banjara Hills,38,1,40,2026-05-20 03:00
P003,Secunderabad,34,3,48,2026-05-20 03:00
P001,Madhapur,30,1,47,2026-05-20 04:00
P002,Banjara Hills,35,1,58,2026-05-20 04:00
P003,Secunderabad,37,1,42,2026-05-20 04:00
P001,Madhapur,38,0,43,2026-05-20 05:00
P002,Banjara Hills,32,2,52,2026-05-20 05:00
P003,Secunderabad,34,0,52,2026-05-20 05:00
P001,Madhapur,33,1,66,2026-05-20 06:00
P002,Banjara Hills,31,1,46,2026-05-20 06:00
P003,Secunderabad,32,3,49,2026-05-20 06:00
P001,Madhapur,38,2,51,2026-05-20 07:00
P002,Banjara Hills,37,3,44,2026-05-20 07:00
P003,Secunderabad,28,0,47,2026-05-20 07:00
P001,Madhapur,29,1,43,2026-05-20 08:00
P002,Banjara Hills,32,0,52,2026-05-20 08:00
P003,Secunderabad,34,0,50,2026-05-20 08:00
P001,Madhapur,29,0,52,2026-05-20 09:00
P002,Banjara Hills,28,3,58,2026-05-20 09:00
P003,Secunderabad,36,2,67,2026-05-20 09:00
P001,Madhapur,30,1,52,2026-05-20 10:00
P002,Banjara Hills,31,1,53,2026-05-20 10:00
P003,Secunderabad,33,0,48,2026-05-20 10:00
P001,Madhapur,28,3,51,2026-05-20 11:00
P002,Banjara Hills,37,0,52,2026-05-20 11:00
P003,Secunderabad,33,3,45,2026-05-20 11:00
P001,Madhapur,29,3,69,2026-05-20 12:00
P002,Banjara Hills,30,0,46,2026-05-20 12:00
P003,Secunderabad,35,1,68,2026-05-20 12:00
P001,Madhapur,38,3,66,2026-05-20 13:00
P002,Banjara Hills,34,0,49,2026-05-20 13:00
P003,Secunderabad,38,0,69,2026-05-20 13:00
P001,Madhapur,31,0,67,2026-05-20 14:00
P002,Banjara Hills,32,0,42,2026-05-20 14:00
P003,Secunderabad,31,3,65,2026-05-20 14:00
P001,Madhapur,29,0,63,2026-05-20 15:00
P002,Banjara Hills,36,0,59,2026-05-20 15:00
P003,Secunderabad,31,1,65,2026-05-20 15:00
P001,Madhapur,29,2,43,2026-05-20 16:00
P002,Banjara Hills,30,1,66,2026-05-20 16:00
P003,Secunderabad,34,0,56,2026-05-20 16:00
P001,Madhapur,31,1,44,2026-05-20 17:00
P002,Banjara Hills,34,3,70,2026-05-20 17:00
P003,Secunderabad,38,0,53,2026-05-20 17:00
P001,Madhapur,33,2,48,2026-05-20 18:00
P002,Banjara Hills,34,1,45,2026-05-20 18:00
P003,Secunderabad,36,0,64,2026-05-20 18:00
P001,Madhapur,34,0,61,2026-05-20 19:00
P002,Banjara Hills,32,0,65,2026-05-20 19:00
P003,Secunderabad,32,1,49,2026-05-20 19:00
P001,Madhapur,29,0,70,2026-05-20 20:00
P002,Banjara Hills,37,0,43,2026-05-20 20:00
P003,Secunderabad,28,3,68,2026-05-20 20:00
P001,Madhapur,34,3,69,2026-05-20 21:00
P002,Banjara Hills,30,0,44,2026-05-20 21:00
P003,Secunderabad,28,2,57,2026-05-20 21:00
P001,Madhapur,35,1,61,2026-05-20 22:00
P002,Banjara Hills,28,0,67,2026-05-20 22:00
P003,Secunderabad,38,0,52,2026-05-20 22:00
P001,Madhapur,35,0,46,2026-05-20 23:00
P002,Banjara Hills,31,1,53,2026-05-20 23:00
P003,Secunderabad,37,0,54,2026-05-20 23:00
P001,Madhapur,38,1,50,2026-05-21 00:00
P002,Banjara Hills,34,3,49,2026-05-21 00:00
P003,Secunderabad,28,0,52,2026-05-21 00:00
P001,Madhapur,35,1,43,2026-05-21 01:00
P002,Banjara Hills,34,1,47,2026-05-21 01:00
P003,Secunderabad,34,0,59,2026-05-21 01:00
P001,Madhapur,37,2,56,2026-05-21 02:00
P002,Banjara Hills,35,0,57,2026-05-21 02:00
P003,Secunderabad,31,1,46,2026-05-21 02:00
P001,Madhapur,38,1,56,2026-05-21 03:00
P002,Banjara Hills,34,0,58,2026-05-21 03:00
P003,Secunderabad,33,0,49,2026-05-21 03:00
P001,Madhapur,36,0,64,2026-05-21 04:00
P002,Banjara Hills,38,2,69,2026-05-21 04:00
P003,Secunderabad,38,0,68,2026-05-21 04:00
P001,Madhapur,33,1,63,2026-05-21 05:00
P002,Banjara Hills,28,2,61,2026-05-21 05:00
P003,Secunderabad,34,0,52,2026-05-21 05:00
P001,Madhapur,34,2,63,2026-05-21 06:00
P002,Banjara Hills,37,2,48,2026-05-21 06:00
P003,Secunderabad,37,0,56,2026-05-21 06:00
P001,Madhapur,36,1,46,2026-05-21 07:00
P002,Banjara Hills,31,0,64,2026-05-21 07:00
P003,Secunderabad,36,3,69,2026-05-21 07:00
P001,Madhapur,28,1,47,2026-05-21 08:00
P002,Banjara Hills,38,0,61,2026-05-21 08:00
P003,Secunderabad,34,0,67,2026-05-21 08:00
P001,Madhapur,28,0,48,2026-05-21 09:00
P002,Banjara Hills,32,0,58,2026-05-21 09:00
P003,Secunderabad,28,2,67,2026-05-21 09:00
P001,Madhapur,38,0,69,2026-05-21 10:00
P002,Banjara Hills,32,1,45,2026-05-21 10:00
P003,Secunderabad,33,2,60,2026-05-21 10:00
P001,Madhapur,37,1,56,2026-05-21 11:00
P002,Banjara Hills,38,0,46,2026-05-21 11:00
P003,Secunderabad,32,3,42,2026-05-21 11:00
P001,Madhapur,31,0,63,2026-05-21 12:00
P002,Banjara Hills,33,1,65,2026-05-21 12:00
P003,Secunderabad,38,2,45,2026-05-21 12:00
P001,Madhapur,36,3,62,2026-05-21 13:00
P002,Banjara Hills,28,1,58,2026-05-21 13:00
P003,Secunderabad,31,0,45,2026-05-21 13:00
P001,Madhapur,30,0,68,2026-05-21 14:00
P002,Banjara Hills,37,2,41,2026-05-21 14:00
P003,Secunderabad,38,0,40,2026-05-21 14:00
P001,Madhapur,29,2,48,2026-05-21 15:00
P002,Banjara Hills,34,2,67,2026-05-21 15:00
P003,Secunderabad,29,3,64,2026-05-21 15:00
P001,Madhapur,29,1,43,2026-05-21 16:00
P002,Banjara Hills,38,3,42,2026-05-21 16:00
P003,Secunderabad,37,0,50,2026-05-21 16:00
P001,Madhapur,37,1,61,2026-05-21 17:00
P002,Banjara Hills,28,0,46,2026-05-21 17:00
P003,Secunderabad,31,0,44,2026-05-21 17:00
P001,Madhapur,31,0,43,2026-05-21 18:00
P002,Banjara Hills,35,1,63,2026-05-21 18:00
P003,Secunderabad,29,1,67,2026-05-21 18:00
P001,Madhapur,36,1,63,2026-05-21 19:00
P002,Banjara Hills,28,0,42,2026-05-21 19:00
P003,Secunderabad,32,2,59,2026-05-21 19:00
P001,Madhapur,38,0,53,2026-05-21 20:00
P002,Banjara Hills,28,3,47,2026-05-21 20:00
P003,Secunderabad,33,3,56,2026-05-21 20:00
P001,Madhapur,37,3,53,2026-05-21 21:00
P002,Banjara Hills,28,0,62,2026-05-21 21:00
P003,Secunderabad,35,3,65,2026-05-21 21:00
P001,Madhapur,37,2,56,2026-05-21 22:00
P002,Banjara Hills,33,0,69,2026-05-21 22:00
P003,Secunderabad,35,0,52,2026-05-21 22:00
P001,Madhapur,29,3,65,2026-05-21 23:00
P002,Banjara Hills,30,0,64,2026-05-21 23:00
P003,Secunderabad,37,0,62,2026-05-21 23:00
P001,Madhapur,34,0,60,2026-05-22 00:00
P002,Banjara Hills,28,0,48,2026-05-22 00:00
P003,Secunderabad,35,3,48,2026-05-22 00:00
P001,Madhapur,35,1,45,2026-05-22 01:00
P002,Banjara Hills,38,2,50,2026-05-22 01:00
P003,Secunderabad,32,1,50,2026-05-22 01:00
P001,Madhapur,28,0,50,2026-05-22 02:00
P002,Banjara Hills,33,1,43,2026-05-22 02:00
P003,Secunderabad,33,0,70,2026-05-22 02:00
P001,Madhapur,34,1,67,2026-05-22 03:00
P002,Banjara Hills,32,0,41,2026-05-22 03:00
P003,Secunderabad,28,3,46,2026-05-22 03:00
P001,Madhapur,28,1,48,2026-05-22 04:00
P002,Banjara Hills,38,0,50,2026-05-22 04:00
P003,Secunderabad,33,0,51,2026-05-22 04:00
P001,Madhapur,33,0,61,2026-05-22 05:00
P002,Banjara Hills,32,0,47,2026-05-22 05:00
P003,Secunderabad,32,0,57,2026-05-22 05:00
P001,Madhapur,36,1,59,2026-05-22 06:00
P002,Banjara Hills,38,0,42,2026-05-22 06:00
P003,Secunderabad,28,0,49,2026-05-22 06:00
P001,Madhapur,32,2,65,2026-05-22 07:00
P002,Banjara Hills,31,2,59,2026-05-22 07:00
P003,Secunderabad,32,2,42,2026-05-22 07:00
P001,Madhapur,34,1,48,2026-05-22 08:00
P002,Banjara Hills,34,0,58,2026-05-22 08:00
P003,Secunderabad,35,0,64,2026-05-22 08:00
P001,Madhapur,32,1,47,2026-05-22 09:00
P002,Banjara Hills,33,3,55,2026-05-22 09:00
P003,Secunderabad,30,3,45,2026-05-22 09:00
P001,Madhapur,34,2,63,2026-05-22 10:00
P002,Banjara Hills,29,1,51,2026-05-22 10:00
P003,Secunderabad,37,0,43,2026-05-22 10:00
P001,Madhapur,28,0,60,2026-05-22 11:00
P002,Banjara Hills,28,0,48,2026-05-22 11:00
P003,Secunderabad,38,0,62,2026-05-22 11:00
P001,Madhapur,35,0,41,2026-05-22 12:00
P002,Banjara Hills,37,3,62,2026-05-22 12:00
P003,Secunderabad,34,0,62,2026-05-22 12:00
P001,Madhapur,33,3,46,2026-05-22 13:00
P002,Banjara Hills,32,0,45,2026-05-22 13:00
P003,Secunderabad,36,0,42,2026-05-22 13:00
P001,Madhapur,29,0,65,2026-05-22 14:00
P002,Banjara Hills,38,0,58,2026-05-22 14:00
P003,Secunderabad,31,3,61,2026-05-22 14:00
P001,Madhapur,33,0,61,2026-05-22 15:00
P002,Banjara Hills,36,0,58,2026-05-22 15:00
P003,Secunderabad,32,0,63,2026-05-22 15:00
P001,Madhapur,33,0,63,2026-05-22 16:00
P002,Banjara Hills,31,0,58,2026-05-22 16:00
P003,Secunderabad,31,1,50,2026-05-22 16:00
P001,Madhapur,37,2,44,2026-05-22 17:00
P002,Banjara Hills,28,2,65,2026-05-22 17:00
P003,Secunderabad,33,3,61,2026-05-22 17:00
P001,Madhapur,38,3,63,2026-05-22 18:00
P002,Banjara Hills,35,0,63,2026-05-22 18:00
P003,Secunderabad,38,0,61,2026-05-22 18:00
P001,Madhapur,31,1,53,2026-05-22 19:00
P002,Banjara Hills,37,2,60,2026-05-22 19:00
P003,Secunderabad,28,0,58,2026-05-22 19:00
P001,Madhapur,30,2,64,2026-05-22 20:00
P002,Banjara Hills,37,3,55,2026-05-22 20:00
P003,Secunderabad,29,0,61,2026-05-22 20:00
P001,Madhapur,35,3,58,2026-05-22 21:00
P002,Banjara Hills,38,2,63,2026-05-22 21:00
P003,Secunderabad,30,0,59,2026-05-22 21:00
P001,Madhapur,34,0,68,2026-05-22 22:00
P002,Banjara Hills,34,2,56,2026-05-22 22:00
P003,Secunderabad,32,1,53,2026-05-22 22:00
P001,Madhapur,29,1,49,2026-05-22 23:00
P002,Banjara Hills,35,0,42,2026-05-22 23:00
P003,Secunderabad,30,3,59,2026-05-22 23:00
P001,Madhapur,36,0,64,2026-05-23 00:00
P002,Banjara Hills,33,3,52,2026-05-23 00:00
P003,Secunderabad,33,0,62,2026-05-23 00:00
P001,Madhapur,33,3,62,2026-05-23 01:00
P002,Banjara Hills,31,1,53,2026-05-23 01:00
P003,Secunderabad,36,1,65,2026-05-23 01:00
P001,Madhapur,35,0,45,2026-05-23 02:00
P002,Banjara Hills,28,0,53,2026-05-23 02:00
P003,Secunderabad,38,1,60,2026-05-23 02:00
P001,Madhapur,35,2,61,2026-05-23 03:00
P002,Banjara Hills,35,0,41,2026-05-23 03:00
P003,Secunderabad,30,0,68,2026-05-23 03:00
P001,Madhapur,37,0,67,2026-05-23 04:00
P002,Banjara Hills,34,0,41,2026-05-23 04:00
P003,Secunderabad,35,3,58,2026-05-23 04:00
P001,Madhapur,29,2,57,2026-05-23 05:00
P002,Banjara Hills,35,0,44,2026-05-23 05:00
P003,Secunderabad,30,3,45,2026-05-23 05:00
P001,Madhapur,29,0,51,2026-05-23 06:00
P002,Banjara Hills,29,3,46,2026-05-23 06:00
P003,Secunderabad,33,0,44,2026-05-23 06:00
P001,Madhapur,32,0,54,2026-05-23 07:00
P002,Banjara Hills,34,0,66,2026-05-23 07:00
P003,Secunderabad,28,1,69,2026-05-23 07:00
P001,Madhapur,29,0,53,2026-05-23 08:00
P002,Banjara Hills,38,0,69,2026-05-23 08:00
P003,Secunderabad,37,3,42,2026-05-23 08:00
P001,Madhapur,30,1,54,2026-05-23 09:00
P002,Banjara Hills,32,2,70,2026-05-23 09:00
P003,Secunderabad,35,0,64,2026-05-23 09:00
P001,Madhapur,36,0,49,2026-05-23 10:00
P002,Banjara Hills,34,0,70,2026-05-23 10:00
P003,Secunderabad,37,0,61,2026-05-23 10:00
P001,Madhapur,33,2,62,2026-05-23 11:00
P002,Banjara Hills,34,3,46,2026-05-23 11:00
P003,Secunderabad,36,3,64,2026-05-23 11:00
P001,Madhapur,31,0,68,2026-05-23 12:00
P002,Banjara Hills,34,0,42,2026-05-23 12:00
P003,Secunderabad,38,0,69,2026-05-23 12:00
P001,Madhapur,36,0,60,2026-05-23 13:00
P002,Banjara Hills,28,2,67,2026-05-23 13:00
P003,Secunderabad,28,3,53,2026-05-23 13:00
P001,Madhapur,32,0,61,2026-05-23 14:00
P002,Banjara Hills,31,0,48,2026-05-23 14:00
P003,Secunderabad,33,0,70,2026-05-23 14:00
P001,Madhapur,31,1,67,2026-05-23 15:00
P002,Banjara Hills,33,3,45,2026-05-23 15:00
P003,Secunderabad,28,0,59,2026-05-23 15:00
P001,Madhapur,30,1,57,2026-05-23 16:00
P002,Banjara Hills,32,0,64,2026-05-23 16:00
P003,Secunderabad,37,2,48,2026-05-23 16:00
P001,Madhapur,28,0,43,2026-05-23 17:00
P002,Banjara Hills,29,0,70,2026-05-23 17:00
P003,Secunderabad,38,0,53,2026-05-23 17:00
P001,Madhapur,36,3,60,2026-05-23 18:00
P002,Banjara Hills,32,1,62,2026-05-23 18:00
P003,Secunderabad,32,1,58,2026-05-23 18:00
P001,Madhapur,36,3,57,2026-05-23 19:00
P002,Banjara Hills,36,2,43,2026-05-23 19:00
P003,Secunderabad,32,1,48,2026-05-23 19:00
P001,Madhapur,30,1,45,2026-05-23 20:00
P002,Banjara Hills,38,0,66,2026-05-23 20:00
P003,Secunderabad,36,0,40,2026-05-23 20:00
P001,Madhapur,31,0,58,2026-05-23 21:00
P002,Banjara Hills,34,1,46,2026-05-23 21:00
P003,Secunderabad,28,0,58,2026-05-23 21:00
P001,Madhapur,36,1,43,2026-05-23 22:00
P002,Banjara Hills,36,0,46,2026-05-23 22:00
P003,Secunderabad,35,0,70,2026-05-23 22:00
P001,Madhapur,33,0,58,2026-05-23 23:00
P002,Banjara Hills,32,3,63,2026-05-23 23:00
P003,Secunderabad,36,3,50,2026-05-23 23:00
P001,Madhapur,30,3,63,2026-05-24 00:00
P002,Banjara Hills,28,0,46,2026-05-24 00:00
P003,Secunderabad,35,2,42,2026-05-24 00:00
P001,Madhapur,28,2,63,2026-05-24 01:00
P002,Banjara Hills,30,3,49,2026-05-24 01:00
P003,Secunderabad,36,3,40,2026-05-24 01:00
P001,Madhapur,35,0,55,2026-05-24 02:00
P002,Banjara Hills,37,1,44,2026-05-24 02:00
P003,Secunderabad,34,0,57,2026-05-24 02:00
P001,Madhapur,34,2,54,2026-05-24 03:00
P002,Banjara Hills,35,1,63,2026-05-24 03:00
P003,Secunderabad,34,0,53,2026-05-24 03:00
P001,Madhapur,35,2,52,2026-05-24 04:00
P002,Banjara Hills,35,0,58,2026-05-24 04:00
P003,Secunderabad,30,0,57,2026-05-24 04:00
P001,Madhapur,36,2,66,2026-05-24 05:00
P002,Banjara Hills,31,3,49,2026-05-24 05:00
P003,Secunderabad,38,1,69,2026-05-24 05:00
P001,Madhapur,32,0,69,2026-05-24 06:00
P002,Banjara Hills,38,1,43,2026-05-24 06:00
P003,Secunderabad,31,0,51,2026-05-24 06:00
P001,Madhapur,28,0,68,2026-05-24 07:00
P002,Banjara Hills,38,3,55,2026-05-24 07:00
P003,Secunderabad,33,0,47,2026-05-24 07:00
P001,Madhapur,32,2,53,2026-05-24 08:00
P002,Banjara Hills,35,0,58,2026-05-24 08:00
P003,Secunderabad,30,0,58,2026-05-24 08:00
P001,Madhapur,37,0,62,2026-05-24 09:00
P002,Banjara Hills,29,0,64,2026-05-24 09:00
P003,Secunderabad,29,0,67,2026-05-24 09:00
P001,Madhapur,28,0,60,2026-05-24 10:00
P002,Banjara Hills,34,0,43,2026-05-24 10:00
P003,Secunderabad,35,0,57,2026-05-24 10:00
P001,Madhapur,37,0,56,2026-05-24 11:00
P002,Banjara Hills,36,2,44,2026-05-24 11:00
P003,Secunderabad,31,3,64,2026-05-24 11:00
P001,Madhapur,36,2,46,2026-05-24 12:00
P002,Banjara Hills,34,0,53,2026-05-24 12:00
P003,Secunderabad,30,0,65,2026-05-24 12:00
P001,Madhapur,31,0,46,2026-05-24 13:00
P002,Banjara Hills,30,0,55,2026-05-24 13:00
P003,Secunderabad,34,0,51,2026-05-24 13:00
P001,Madhapur,36,3,66,2026-05-24 14:00
P002,Banjara Hills,32,3,66,2026-05-24 14:00
P003,Secunderabad,38,1,53,2026-05-24 14:00
P001,Madhapur,30,1,70,2026-05-24 15:00
P002,Banjara Hills,36,1,61,2026-05-24 15:00
P003,Secunderabad,33,0,68,2026-05-24 15:00
P001,Madhapur,38,0,67,2026-05-24 16:00
P002,Banjara Hills,31,1,56,2026-05-24 16:00
P003,Secunderabad,29,3,60,2026-05-24 16:00
P001,Madhapur,31,3,51,2026-05-24 17:00
P002,Banjara Hills,34,1,46,2026-05-24 17:00
P003,Secunderabad,37,0,50,2026-05-24 17:00
P001,Madhapur,38,2,45,2026-05-24 18:00
P002,Banjara Hills,28,0,42,2026-05-24 18:00
P003,Secunderabad,36,2,48,2026-05-24 18:00
P001,Madhapur,30,1,49,2026-05-24 19:00
P002,Banjara Hills,28,0,70,2026-05-24 19:00
P003,Secunderabad,33,0,50,2026-05-24 19:00
P001,Madhapur,34,0,40,2026-05-24 20:00
P002,Banjara Hills,31,1,48,2026-05-24 20:00
P003,Secunderabad,32,3,60,2026-05-24 20:00
P001,Madhapur,33,3,70,2026-05-24 21:00
P002,Banjara Hills,33,0,53,2026-05-24 21:00
P003,Secunderabad,29,1,44,2026-05-24 21:00
P001,Madhapur,28,0,42,2026-05-24 22:00
P002,Banjara Hills,38,3,66,2026-05-24 22:00
P003,Secunderabad,38,3,49,2026-05-24 22:00
P001,Madhapur,30,0,63,2026-05-24 23:00
P002,Banjara Hills,31,2,58,2026-05-24 23:00
P003,Secunderabad,36,0,64,2026-05-24 23:00
P001,Madhapur,36,0,65,2026-05-25 00:00
P002,Banjara Hills,28,3,49,2026-05-25 00:00
P003,Secunderabad,32,0,65,2026-05-25 00:00
P001,Madhapur,29,0,70,2026-05-25 01:00
P002,Banjara Hills,33,3,42,2026-05-25 01:00
P003,Secunderabad,34,1,67,2026-05-25 01:00
P001,Madhapur,34,3,51,2026-05-25 02:00
P002,Banjara Hills,31,0,51,2026-05-25 02:00
P003,Secunderabad,28,0,53,2026-05-25 02:00
P001,Madhapur,38,0,57,2026-05-25 03:00
P002,Banjara Hills,30,3,56,2026-05-25 03:00
P003,Secunderabad,30,1,56,2026-05-25 03:00
P001,Madhapur,31,0,42,2026-05-25 04:00
P002,Banjara Hills,29,2,56,2026-05-25 04:00
P003,Secunderabad,34,2,41,2026-05-25 04:00
P001,Madhapur,32,0,70,2026-05-25 05:00
P002,Banjara Hills,37,0,54,2026-05-25 05:00
P003,Secunderabad,33,0,41,2026-05-25 05:00
P001,Madhapur,32,3,70,2026-05-25 06:00
P002,Banjara Hills,33,1,68,2026-05-25 06:00
P003,Secunderabad,34,3,61,2026-05-25 06:00
P001,Madhapur,36,1,45,2026-05-25 07:00
P002,Banjara Hills,31,1,56,2026-05-25 07:00
P003,Secunderabad,30,2,65,2026-05-25 07:00
P001,Madhapur,32,0,44,2026-05-25 08:00
P002,Banjara Hills,38,0,69,2026-05-25 08:00
P003,Secunderabad,35,3,58,2026-05-25 08:00
P001,Madhapur,32,0,51,2026-05-25 09:00
P002,Banjara Hills,38,1,47,2026-05-25 09:00
P003,Secunderabad,34,0,62,2026-05-25 09:00
P001,Madhapur,30,1,65,2026-05-25 10:00
P002,Banjara Hills,37,0,51,2026-05-25 10:00
P003,Secunderabad,33,2,68,2026-05-25 10:00
P001,Madhapur,29,2,47,2026-05-25 11:00
P002,Banjara Hills,31,3,41,2026-05-25 11:00
P003,Secunderabad,37,1,66,2026-05-25 11:00
P001,Madhapur,32,3,44,2026-05-25 12:00
P002,Banjara Hills,38,1,45,2026-05-25 12:00
P003,Secunderabad,32,0,69,2026-05-25 12:00
P001,Madhapur,32,1,41,2026-05-25 13:00
P002,Banjara Hills,28,2,61,2026-05-25 13:00
P003,Secunderabad,28,0,40,2026-05-25 13:00
P001,Madhapur,36,3,51,2026-05-25 14:00
P002,Banjara Hills,35,0,60,2026-05-25 14:00
P003,Secunderabad,33,0,59,2026-05-25 14:00
P001,Madhapur,37,1,65,2026-05-25 15:00
P002,Banjara Hills,33,2,68,2026-05-25 15:00
P003,Secunderabad,37,0,47,2026-05-25 15:00
P001,Madhapur,37,3,45,2026-05-25 16:00
P002,Banjara Hills,33,2,70,2026-05-25 16:00
P003,Secunderabad,37,0,57,2026-05-25 16:00
P001,Madhapur,33,0,46,2026-05-25 17:00
P002,Banjara Hills,35,1,48,2026-05-25 17:00
P003,Secunderabad,28,0,42,2026-05-25 17:00
P001,Madhapur,35,3,54,2026-05-25 18:00
P002,Banjara Hills,38,0,65,2026-05-25 18:00
P003,Secunderabad,35,1,49,2026-05-25 18:00
P001,Madhapur,28,1,47,2026-05-25 19:00
P002,Banjara Hills,38,1,52,2026-05-25 19:00
P003,Secunderabad,28,1,45,2026-05-25 19:00
P001,Madhapur,38,3,58,2026-05-25 20:00
P002,Banjara Hills,31,3,60,2026-05-25 20:00
P003,Secunderabad,37,0,41,2026-05-25 20:00
P001,Madhapur,33,0,51,2026-05-25 21:00
P002,Banjara Hills,30,1,61,2026-05-25 21:00
P003,Secunderabad,29,1,58,2026-05-25 21:00
P001,Madhapur,32,0,60,2026-05-25 22:00
P002,Banjara Hills,29,0,48,2026-05-25 22:00
P003,Secunderabad,34,2,63,2026-05-25 22:00
P001,Madhapur,31,2,61,2026-05-25 23:00
P002,Banjara Hills,33,0,65,2026-05-25 23:00
P003,Secunderabad,28,3,69,2026-05-25 23:00
P001,Madhapur,38,1,59,2026-05-26 00:00
P002,Banjara Hills,30,0,54,2026-05-26 00:00
P003,Secunderabad,35,2,40,2026-05-26 00:00
P001,Madhapur,38,3,53,2026-05-26 01:00
P002,Banjara Hills,33,0,66,2026-05-26 01:00
P003,Secunderabad,38,2,70,2026-05-26 01:00
P001,Madhapur,28,0,60,2026-05-26 02:00
P002,Banjara Hills,36,0,52,2026-05-26 02:00
P003,Secunderabad,37,0,42,2026-05-26 02:00
P001,Madhapur,33,0,62,2026-05-26 03:00
P002,Banjara Hills,36,0,45,2026-05-26 03:00
P003,Secunderabad,34,2,50,2026-05-26 03:00
P001,Madhapur,32,0,67,2026-05-26 04:00
P002,Banjara Hills,33,0,48,2026-05-26 04:00
P003,Secunderabad,34,0,58,2026-05-26 04:00
P001,Madhapur,35,0,41,2026-05-26 05:00
P002,Banjara Hills,28,3,64,2026-05-26 05:00
P003,Secunderabad,38,1,66,2026-05-26 05:00
P001,Madhapur,34,2,59,2026-05-26 06:00
P002,Banjara Hills,30,1,69,2026-05-26 06:00
P003,Secunderabad,38,1,52,2026-05-26 06:00
P001,Madhapur,33,0,54,2026-05-26 07:00
P002,Banjara Hills,36,0,53,2026-05-26 07:00
P003,Secunderabad,37,0,43,2026-05-26 07:00
P001,Madhapur,36,3,56,2026-05-26 08:00
P002,Banjara Hills,29,3,54,2026-05-26 08:00
P003,Secunderabad,37,0,53,2026-05-26 08:00
P001,Madhapur,36,1,70,2026-05-26 09:00
P002,Banjara Hills,32,0,55,2026-05-26 09:00
P003,Secunderabad,31,0,69,2026-05-26 09:00
P001,Madhapur,33,1,40,2026-05-26 10:00
P002,Banjara Hills,31,0,44,2026-05-26 10:00
P003,Secunderabad,35,3,58,2026-05-26 10:00
P001,Madhapur,29,0,46,2026-05-26 11:00
P002,Banjara Hills,32,1,51,2026-05-26 11:00
P003,Secunderabad,36,0,70,2026-05-26 11:00
P001,Madhapur,30,1,62,2026-05-26 12:00
P002,Banjara Hills,33,2,54,2026-05-26 12:00
P003,Secunderabad,38,3,68,2026-05-26 12:00
P001,Madhapur,38,2,61,2026-05-26 13:00
P002,Banjara Hills,31,0,59,2026-05-26 13:00
P003,Secunderabad,35,1,42,2026-05-26 13:00
P001,Madhapur,37,0,61,2026-05-26 14:00
P002,Banjara Hills,29,0,67,2026-05-26 14:00
P003,Secunderabad,28,2,53,2026-05-26 14:00
P001,Madhapur,30,0,47,2026-05-26 15:00
P002,Banjara Hills,28,0,59,2026-05-26 15:00
P003,Secunderabad,36,0,47,2026-05-26 15:00
P001,Madhapur,36,2,66,2026-05-26 16:00
P002,Banjara Hills,33,0,61,2026-05-26 16:00
P003,Secunderabad,29,0,48,2026-05-26 16:00
P001,Madhapur,38,0,51,2026-05-26 17:00
P002,Banjara Hills,36,0,63,2026-05-26 17:00
P003,Secunderabad,35,1,41,2026-05-26 17:00
P001,Madhapur,30,3,52,2026-05-26 18:00
P002,Banjara Hills,32,0,46,2026-05-26 18:00
P003,Secunderabad,29,0,56,2026-05-26 18:00
P001,Madhapur,38,0,48,2026-05-26 19:00
P002,Banjara Hills,32,0,69,2026-05-26 19:00
P003,Secunderabad,37,0,69,2026-05-26 19:00
P001,Madhapur,35,0,43,2026-05-26 20:00
P002,Banjara Hills,29,1,54,2026-05-26 20:00
P003,Secunderabad,30,2,56,2026-05-26 20:00
P001,Madhapur,32,0,64,2026-05-26 21:00
P002,Banjara Hills,34,3,58,2026-05-26 21:00
P003,Secunderabad,33,0,70,2026-05-26 21:00
P001,Madhapur,38,3,64,2026-05-26 22:00
P002,Banjara Hills,38,0,57,2026-05-26 22:00
P003,Secunderabad,32,3,52,2026-05-26 22:00
P001,Madhapur,36,2,70,2026-05-26 23:00
P002,Banjara Hills,28,2,40,2026-05-26 23:00
P003,Secunderabad,38,3,49,2026-05-26 23:00
P001,Madhapur,36,1,43,2026-05-27 00:00
P002,Banjara Hills,29,0,43,2026-05-27 00:00
P003,Secunderabad,31,3,42,2026-05-27 00:00
P001,Madhapur,29,0,47,2026-05-27 01:00
P002,Banjara Hills,36,1,66,2026-05-27 01:00
P003,Secunderabad,35,0,53,2026-05-27 01:00
P001,Madhapur,31,0,56,2026-05-27 02:00
P002,Banjara Hills,32,1,48,2026-05-27 02:00
P003,Secunderabad,38,0,51,2026-05-27 02:00
P001,Madhapur,32,2,42,2026-05-27 03:00
P002,Banjara Hills,35,1,54,2026-05-27 03:00
P003,Secunderabad,35,0,60,2026-05-27 03:00
P001,Madhapur,32,0,60,2026-05-27 04:00
P002,Banjara Hills,29,1,50,2026-05-27 04:00
P003,Secunderabad,35,2,49,2026-05-27 04:00
P001,Madhapur,34,1,53,2026-05-27 05:00
P002,Banjara Hills,37,2,50,2026-05-27 05:00
P003,Secunderabad,35,3,60,2026-05-27 05:00
P001,Madhapur,38,2,60,2026-05-27 06:00
P002,Banjara Hills,34,0,51,2026-05-27 06:00
P003,Secunderabad,28,0,52,2026-05-27 06:00
P001,Madhapur,38,0,46,2026-05-27 07:00
P002,Banjara Hills,28,0,48,2026-05-27 07:00
P003,Secunderabad,31,1,45,2026-05-27 07:00
P001,Madhapur,35,1,59,2026-05-27 08:00
P002,Banjara Hills,35,0,70,2026-05-27 08:00
P003,Secunderabad,36,0,46,2026-05-27 08:00
P001,Madhapur,30,3,57,2026-05-27 09:00
P002,Banjara Hills,29,0,59,2026-05-27 09:00
P003,Secunderabad,28,3,51,2026-05-27 09:00
P001,Madhapur,37,0,42,2026-05-27 10:00
P002,Banjara Hills,38,0,58,2026-05-27 10:00
P003,Secunderabad,37,0,66,2026-05-27 10:00
P001,Madhapur,36,0,55,2026-05-27 11:00
P002,Banjara Hills,33,2,42,2026-05-27 11:00
P003,Secunderabad,33,1,61,2026-05-27 11:00
P001,Madhapur,28,0,66,2026-05-27 12:00
P002,Banjara Hills,37,0,64,2026-05-27 12:00
P003,Secunderabad,33,0,66,2026-05-27 12:00
P001,Madhapur,30,0,63,2026-05-27 13:00
P002,Banjara Hills,36,1,56,2026-05-27 13:00
P003,Secunderabad,38,2,48,2026-05-27 13:00
P001,Madhapur,33,0,48,2026-05-27 14:00
P002,Banjara Hills,37,0,55,2026-05-27 14:00
P003,Secunderabad,29,0,64,2026-05-27 14:00
P001,Madhapur,28,3,40,2026-05-27 15:00
P002,Banjara Hills,33,2,51,2026-05-27 15:00
P003,Secunderabad,37,3,65,2026-05-27 15:00
P001,Madhapur,36,0,64,2026-05-27 16:00
P002,Banjara Hills,33,1,60,2026-05-27 16:00
P003,Secunderabad,36,0,49,2026-05-27 16:00
P001,Madhapur,31,0,42,2026-05-27 17:00
P002,Banjara Hills,33,1,61,2026-05-27 17:00
P003,Secunderabad,29,2,69,2026-05-27 17:00
P001,Madhapur,32,3,61,2026-05-27 18:00
P002,Banjara Hills,28,3,46,2026-05-27 18:00
P003,Secunderabad,30,0,51,2026-05-27 18:00
P001,Madhapur,32,0,43,2026-05-27 19:00
P002,Banjara Hills,38,0,40,2026-05-27 19:00
P003,Secunderabad,28,1,47,2026-05-27 19:00
P001,Madhapur,30,3,69,2026-05-27 20:00
P002,Banjara Hills,36,3,41,2026-05-27 20:00
P003,Secunderabad,37,3,63,2026-05-27 20:00
P001,Madhapur,29,0,48,2026-05-27 21:00
P002,Banjara Hills,35,0,62,2026-05-27 21:00
P003,Secunderabad,29,1,49,2026-05-27 21:00
P001,Madhapur,30,0,62,2026-05-27 22:00
P002,Banjara Hills,32,0,40,2026-05-27 22:00
P003,Secunderabad,37,0,48,2026-05-27 22:00
P001,Madhapur,28,2,65,2026-05-27 23:00
P002,Banjara Hills,37,3,60,2026-05-27 23:00
P003,Secunderabad,29,3,68,2026-05-27 23:00
P001,Madhapur,30,1,62,2026-05-28 00:00
P002,Banjara Hills,34,0,53,2026-05-28 00:00
P003,Secunderabad,37,0,68,2026-05-28 00:00
P001,Madhapur,32,1,59,2026-05-28 01:00
P002,Banjara Hills,35,0,65,2026-05-28 01:00
P003,Secunderabad,35,0,70,2026-05-28 01:00
P001,Madhapur,29,3,63,2026-05-28 02:00
P002,Banjara Hills,37,0,55,2026-05-28 02:00
P003,Secunderabad,30,1,65,2026-05-28 02:00
P001,Madhapur,36,1,57,2026-05-28 03:00
P002,Banjara Hills,32,0,55,2026-05-28 03:00
P003,Secunderabad,33,1,43,2026-05-28 03:00
P001,Madhapur,33,0,54,2026-05-28 04:00
P002,Banjara Hills,28,0,49,2026-05-28 04:00
P003,Secunderabad,32,2,59,2026-05-28 04:00
P001,Madhapur,29,2,68,2026-05-28 05:00
P002,Banjara Hills,31,0,55,2026-05-28 05:00
P003,Secunderabad,33,0,52,2026-05-28 05:00
P001,Madhapur,31,0,44,2026-05-28 06:00
P002,Banjara Hills,31,1,62,2026-05-28 06:00
P003,Secunderabad,31,0,40,2026-05-28 06:00
P001,Madhapur,32,0,46,2026-05-28 07:00
P002,Banjara Hills,35,0,63,2026-05-28 07:00
P003,Secunderabad,36,3,62,2026-05-28 07:00
P001,Madhapur,37,0,43,2026-05-28 08:00
P002,Banjara Hills,33,3,43,2026-05-28 08:00
P003,Secunderabad,36,1,47,2026-05-28 08:00
P001,Madhapur,33,0,64,2026-05-28 09:00
P002,Banjara Hills,34,0,52,2026-05-28 09:00
P003,Secunderabad,38,0,57,2026-05-28 09:00
P001,Madhapur,32,0,40,2026-05-28 10:00
P002,Banjara Hills,38,0,60,2026-05-28 10:00
P003,Secunderabad,28,0,52,2026-05-28 10:00
P001,Madhapur,36,0,70,2026-05-28 11:00
P002,Banjara Hills,32,1,67,2026-05-28 11:00
P003,Secunderabad,29,0,50,2026-05-28 11:00
P001,Madhapur,29,0,53,2026-05-28 12:00
P002,Banjara Hills,35,0,43,2026-05-28 12:00
P003,Secunderabad,30,0,65,2026-05-28 12:00
P001,Madhapur,33,0,53,2026-05-28 13:00
P002,Banjara Hills,37,0,52,2026-05-28 13:00
P003,Secunderabad,31,0,70,2026-05-28 13:00
P001,Madhapur,28,2,67,2026-05-28 14:00
P002,Banjara Hills,31,0,52,2026-05-28 14:00
P003,Secunderabad,33,0,49,2026-05-28 14:00
P001,Madhapur,31,2,47,2026-05-28 15:00
P002,Banjara Hills,28,1,45,2026-05-28 15:00
P003,Secunderabad,35,1,66,2026-05-28 15:00
P001,Madhapur,33,3,40,2026-05-28 16:00
P002,Banjara Hills,32,0,53,2026-05-28 16:00
P003,Secunderabad,32,0,70,2026-05-28 16:00
P001,Madhapur,31,3,60,2026-05-28 17:00
P002,Banjara Hills,32,1,62,2026-05-28 17:00
P003,Secunderabad,31,0,44,2026-05-28 17:00
P001,Madhapur,38,3,68,2026-05-28 18:00
P002,Banjara Hills,37,2,60,2026-05-28 18:00
P003,Secunderabad,37,0,52,2026-05-28 18:00
P001,Madhapur,37,0,52,2026-05-28 19:00
P002,Banjara Hills,34,0,62,2026-05-28 19:00
P003,Secunderabad,33,0,52,2026-05-28 19:00
P001,Madhapur,31,2,56,2026-05-28 20:00
P002,Banjara Hills,28,2,44,2026-05-28 20:00
P003,Secunderabad,32,2,52,2026-05-28 20:00
P001,Madhapur,37,2,42,2026-05-28 21:00
P002,Banjara Hills,37,0,70,2026-05-28 21:00
P003,Secunderabad,35,3,42,2026-05-28 21:00
P001,Madhapur,37,0,52,2026-05-28 22:00
P002,Banjara Hills,28,0,55,2026-05-28 22:00
P003,Secunderabad,37,0,57,2026-05-28 22:00
P001,Madhapur,36,0,70,2026-05-28 23:00
P002,Banjara Hills,34,0,60,2026-05-28 23:00
P003,Secunderabad,30,1,52,2026-05-28 23:00
P001,Madhapur,38,0,70,2026-05-29 00:00
P002,Banjara Hills,36,0,50,2026-05-29 00:00
P003,Secunderabad,36,3,44,2026-05-29 00:00
P001,Madhapur,30,3,41,2026-05-29 01:00
P002,Banjara Hills,30,3,65,2026-05-29 01:00
P003,Secunderabad,37,3,53,2026-05-29 01:00
P001,Madhapur,38,0,51,2026-05-29 02:00
P002,Banjara Hills,36,0,68,2026-05-29 02:00
P003,Secunderabad,28,3,53,2026-05-29 02:00
P001,Madhapur,36,0,42,2026-05-29 03:00
P002,Banjara Hills,37,0,46,2026-05-29 03:00
P003,Secunderabad,33,2,42,2026-05-29 03:00
P001,Madhapur,35,2,45,2026-05-29 04:00
P002,Banjara Hills,34,2,50,2026-05-29 04:00
P003,Secunderabad,30,1,63,2026-05-29 04:00
P001,Madhapur,28,2,61,2026-05-29 05:00
P002,Banjara Hills,35,3,47,2026-05-29 05:00
P003,Secunderabad,36,0,48,2026-05-29 05:00
P001,Madhapur,35,3,46,2026-05-29 06:00
P002,Banjara Hills,28,0,65,2026-05-29 06:00
P003,Secunderabad,28,1,59,2026-05-29 06:00
P001,Madhapur,31,0,50,2026-05-29 07:00
P002,Banjara Hills,28,0,62,2026-05-29 07:00
P003,Secunderabad,28,0,57,2026-05-29 07:00
P001,Madhapur,34,0,58,2026-05-29 08:00
P002,Banjara Hills,36,2,53,2026-05-29 08:00
P003,Secunderabad,30,0,59,2026-05-29 08:00
P001,Madhapur,32,0,43,2026-05-29 09:00
P002,Banjara Hills,38,0,49,2026-05-29 09:00
P003,Secunderabad,31,0,48,2026-05-29 09:00
P001,Madhapur,34,3,59,2026-05-29 10:00
P002,Banjara Hills,38,0,46,2026-05-29 10:00
P003,Secunderabad,31,0,46,2026-05-29 10:00
P001,Madhapur,36,2,63,2026-05-29 11:00
P002,Banjara Hills,35,0,47,2026-05-29 11:00
P003,Secunderabad,31,0,45,2026-05-29 11:00
P001,Madhapur,34,0,53,2026-05-29 12:00
P002,Banjara Hills,32,0,55,2026-05-29 12:00
P003,Secunderabad,32,3,40,2026-05-29 12:00
P001,Madhapur,34,2,51,2026-05-29 13:00
P002,Banjara Hills,30,0,66,2026-05-29 13:00
P003,Secunderabad,34,0,50,2026-05-29 13:00
P001,Madhapur,33,1,55,2026-05-29 14:00
P002,Banjara Hills,38,0,70,2026-05-29 14:00
P003,Secunderabad,31,2,61,2026-05-29 14:00
P001,Madhapur,36,0,70,2026-05-29 15:00
P002,Banjara Hills,29,0,46,2026-05-29 15:00
P003,Secunderabad,38,1,47,2026-05-29 15:00
P001,Madhapur,32,0,69,2026-05-29 16:00
P002,Banjara Hills,30,3,64,2026-05-29 16:00
P003,Secunderabad,32,2,64,2026-05-29 16:00
P001,Madhapur,33,0,43,2026-05-29 17:00
P002,Banjara Hills,31,0,58,2026-05-29 17:00
P003,Secunderabad,34,0,62,2026-05-29 17:00
P001,Madhapur,33,3,53,2026-05-29 18:00
P002,Banjara Hills,38,2,68,2026-05-29 18:00
P003,Secunderabad,29,2,59,2026-05-29 18:00
P001,Madhapur,36,1,49,2026-05-29 19:00
P002,Banjara Hills,32,3,63,2026-05-29 19:00
P003,Secunderabad,31,0,66,2026-05-29 19:00
P001,Madhapur,34,0,58,2026-05-29 20:00
P002,Banjara Hills,35,0,48,2026-05-29 20:00
P003,Secunderabad,36,1,60,2026-05-29 20:00
P001,Madhapur,32,0,65,2026-05-29 21:00
P002,Banjara Hills,35,1,47,2026-05-29 21:00
P003,Secunderabad,28,1,53,2026-05-29 21:00
P001,Madhapur,36,0,59,2026-05-29 22:00
P002,Banjara Hills,32,3,41,2026-05-29 22:00
P003,Secunderabad,29,0,47,2026-05-29 22:00
P001,Madhapur,38,2,59,2026-05-29 23:00
P002,Banjara Hills,34,3,57,2026-05-29 23:00
P003,Secunderabad,37,0,50,2026-05-29 23:00
P001,Madhapur,29,0,49,2026-05-30 00:00
P002,Banjara Hills,37,0,58,2026-05-30 00:00
P003,Secunderabad,31,2,54,2026-05-30 00:00
P001,Madhapur,34,0,64,2026-05-30 01:00
P002,Banjara Hills,36,0,47,2026-05-30 01:00
P003,Secunderabad,30,3,65,2026-05-30 01:00
P001,Madhapur,38,0,60,2026-05-30 02:00
P002,Banjara Hills,29,0,64,2026-05-30 02:00
P003,Secunderabad,31,2,62,2026-05-30 02:00
P001,Madhapur,30,0,51,2026-05-30 03:00
P002,Banjara Hills,37,0,44,2026-05-30 03:00
P003,Secunderabad,31,0,47,2026-05-30 03:00
P001,Madhapur,33,1,54,2026-05-30 04:00
P002,Banjara Hills,34,0,68,2026-05-30 04:00
P003,Secunderabad,28,0,51,2026-05-30 04:00
P001,Madhapur,35,0,66,2026-05-30 05:00
P002,Banjara Hills,32,0,53,2026-05-30 05:00
P003,Secunderabad,34,0,62,2026-05-30 05:00
P001,Madhapur,29,0,52,2026-05-30 06:00
P002,Banjara Hills,28,3,63,2026-05-30 06:00
P003,Secunderabad,34,0,42,2026-05-30 06:00
P001,Madhapur,33,0,40,2026-05-30 07:00
P002,Banjara Hills,36,2,65,2026-05-30 07:00
P003,Secunderabad,30,0,67,2026-05-30 07:00
P001,Madhapur,34,3,58,2026-05-30 08:00
P002,Banjara Hills,32,0,67,2026-05-30 08:00
P003,Secunderabad,30,0,69,2026-05-30 08:00
P001,Madhapur,28,0,40,2026-05-30 09:00
P002,Banjara Hills,29,0,58,2026-05-30 09:00
P003,Secunderabad,33,0,68,2026-05-30 09:00
P001,Madhapur,31,0,55,2026-05-30 10:00
P002,Banjara Hills,29,2,56,2026-05-30 10:00
P003,Secunderabad,29,1,53,2026-05-30 10:00
P001,Madhapur,28,2,41,2026-05-30 11:00
P002,Banjara Hills,34,0,48,2026-05-30 11:00
P003,Secunderabad,29,3,46,2026-05-30 11:00
P001,Madhapur,34,0,57,2026-05-30 12:00
P002,Banjara Hills,30,0,52,2026-05-30 12:00
P003,Secunderabad,32,0,46,2026-05-30 12:00
P001,Madhapur,29,3,58,2026-05-30 13:00
P002,Banjara Hills,29,3,54,2026-05-30 13:00
P003,Secunderabad,32,0,67,2026-05-30 13:00
P001,Madhapur,34,0,58,2026-05-30 14:00
P002,Banjara Hills,37,3,57,2026-05-30 14:00
P003,Secunderabad,37,0,53,2026-05-30 14:00
P001,Madhapur,38,0,40,2026-05-30 15:00
P002,Banjara Hills,31,0,56,2026-05-30 15:00
P003,Secunderabad,33,1,68,2026-05-30 15:00
P001,Madhapur,28,1,59,2026-05-30 16:00
P002,Banjara Hills,35,0,48,2026-05-30 16:00
P003,Secunderabad,32,2,41,2026-05-30 16:00
P001,Madhapur,30,0,63,2026-05-30 17:00
P002,Banjara Hills,29,0,49,2026-05-30 17:00
P003,Secunderabad,35,2,59,2026-05-30 17:00
P001,Madhapur,37,3,60,2026-05-30 18:00
P002,Banjara Hills,29,0,60,2026-05-30 18:00
P003,Secunderabad,28,0,56,2026-05-30 18:00
P001,Madhapur,37,1,69,2026-05-30 19:00
P002,Banjara Hills,34,0,67,2026-05-30 19:00
P003,Secunderabad,30,0,51,2026-05-30 19:00
P001,Madhapur,34,0,54,2026-05-30 20:00
P002,Banjara Hills,33,1,53,2026-05-30 20:00
P003,Secunderabad,32,0,64,2026-05-30 20:00
P001,Madhapur,33,0,55,2026-05-30 21:00
P002,Banjara Hills,34,1,43,2026-05-30 21:00
P003,Secunderabad,37,3,67,2026-05-30 21:00
P001,Madhapur,35,0,41,2026-05-30 22:00
P002,Banjara Hills,33,3,68,2026-05-30 22:00
P003,Secunderabad,29,2,65,2026-05-30 22:00
P001,Madhapur,30,0,61,2026-05-30 23:00
P002,Banjara Hills,34,0,52,2026-05-30 23:00
P003,Secunderabad,32,2,64,2026-05-30 23:00
